Date,Open,High,Low,Close,Volume
2021-04-14,43140.15234,44550.30369,42565.6461,43140.15234,1268024
2021-04-15,43140.15272,43192.38123,42408.96463,42513.41797,274194
2021-04-16,42670.10172,42826.78356,41938.90998,42252.27734,286878
2021-04-19,42095.59961,42356.7385,41730.00371,42147.82813,349118
2021-04-20,42252.2791,42565.64648,42095.59725,42513.41797,269631
2021-04-21,42513.42099,42617.87802,41051.0447,41207.72656,630391
2021-04-22,41468.86116,41886.68554,41259.95081,41834.45703,316171
2021-04-23,41834.45896,41938.91231,41259.95271,41677.77344,355291
2021-04-26,41730.00215,41938.91252,41416.63477,41468.86328,225043
2021-04-27,41468.86189,41468.86189,40372.07792,40580.98828,431654
2021-04-28,40580.9871,41416.63217,39693.11719,39693.11719,380731
2021-04-29,39902.02949,40424.30723,39223.0699,39640.89063,187650
2021-04-30,39693.12046,40685.44746,39588.66344,40319.85156,179145
2021-05-03,40476.53211,40528.76061,38857.47053,39118.60938,290671
2021-05-04,39066.38498,39066.38498,37812.91912,38909.70313,352530
2021-05-06,38700.79123,41259.95135,38439.64869,40894.35547,487023
2021-05-07,41364.4078,42408.967,40842.13003,42043.37109,501060
2021-05-10,42565.64668,42826.78555,41938.91193,42304.50781,382435
2021-05-11,42147.82595,42774.55703,41468.86268,42200.05078,760182
2021-05-12,42826.78339,43610.19995,41416.6321,42565.64453,1082132
2021-05-13,41730.00211,44915.89709,41468.86323,44132.48047,1727713
2021-05-14,44602.52506,45699.30894,43557.96967,45177.03125,967156
2021-05-17,45647.08699,46012.68289,44080.25369,44289.16406,633865
2021-05-18,44706.98157,46691.6353,44393.61422,46012.67578,1012230
2021-05-20,45647.085,45647.085,43975.79842,44445.84766,481375
2021-05-21,44915.89078,45542.62545,43871.33543,44602.52344,442092
2021-05-24,47005.00097,47318.3683,44811.43697,45438.16797,1460006
2021-05-25,45855.99808,51496.59611,45438.17369,51131.00391,5325014
2021-05-26,51392.13864,51966.64483,49825.30557,51235.45313,1634208
2021-05-27,51235.45842,51601.05432,49303.03298,49355.25781,896629
2021-05-28,49668.62521,50608.72735,49198.57597,49459.71484,650861
2021-05-31,49511.94177,50295.35836,48258.47596,48885.20703,639197
2021-06-01,48624.06877,51026.54708,48206.24805,50817.63672,972694
2021-06-02,50817.63551,50817.63551,49407.4842,49720.85156,645790
2021-06-03,49773.08065,49877.534,48415.15783,48989.66406,433034
2021-06-04,48728.52342,49250.80113,47945.10685,48624.06641,428435
2021-06-07,49094.11683,50243.12928,48624.06761,49720.85156,609271
2021-06-08,50138.6729,53585.71031,49929.76254,51653.28125,1893772
2021-06-09,51862.18908,53063.43,50765.40517,52332.23828,670548
2021-06-10,52750.06356,52958.97391,50922.09157,50974.31641,659935
2021-06-11,50765.40997,51601.05511,50295.36073,51183.23438,377438
2021-06-14,51287.68436,51862.19058,50138.67191,50347.58594,328913
2021-06-15,50399.81638,51026.54746,49877.53497,50190.90234,284665
2021-06-16,50034.21681,50922.09037,49825.30646,50086.44531,301373
2021-06-17,49929.76088,50086.44639,48049.56038,48415.15625,723064
2021-06-18,48624.06689,51078.77361,48362.92803,50765.40625,764079
2021-06-21,50243.12788,50660.95225,48676.29476,49041.89063,482431
2021-06-22,49616.39671,50399.817,49250.80449,49564.17188,259842
2021-06-23,49668.6278,49825.31334,48206.25151,48571.84375,431994
2021-06-24,48832.97852,49459.71327,48624.06817,48885.20703,235271
2021-06-25,48989.66249,49094.11582,48362.92776,48519.61328,350568
2021-06-28,49146.34411,50869.86276,48571.8379,48624.06641,564638
2021-06-29,48676.29823,49929.76408,48415.15936,49459.71484,371867
2021-06-30,49564.17008,49616.39491,48624.06797,49094.11719,297465
2021-07-01,48989.66581,49981.9928,48519.61658,49250.80469,354865
2021-07-02,50034.22032,51966.64941,50034.22032,50608.72656,721608
2021-07-05,51078.774,56928.2859,50765.40663,55883.73047,2901295
2021-07-06,55883.73377,57763.9344,55256.99901,56719.37891,1153385
2021-07-07,56406.00745,57659.47322,55779.27272,56928.28516,694101
2021-07-08,56928.28812,57555.02287,53063.43359,53063.43359,1201031
2021-07-09,53272.33968,54734.71576,52645.60497,53585.70703,798763
2021-07-12,54525.80141,55048.07907,53272.33577,53481.24609,502546
2021-07-13,52750.06563,53794.62109,52175.55939,53794.62109,432194
2021-07-14,53272.34413,53481.25449,52332.242,52645.60938,304018
2021-07-15,52958.97266,54107.98506,52750.06231,52958.97266,396688
2021-07-16,53272.34336,54839.17656,52958.97599,53794.62109,472672
2021-07-19,54839.17634,55465.90741,53272.34315,53899.07422,552799
2021-07-20,52854.51876,54525.80896,52750.06542,53899.07422,353302
2021-07-21,54734.71993,54734.71993,52958.97636,53167.88672,449741
2021-07-22,53376.79995,55152.54729,52958.97921,54525.8125,426053
2021-07-23,54630.26996,55361.4581,53899.07814,54107.99219,322682
2021-07-26,54421.35255,54421.35255,53167.88672,53167.88672,271852
2021-07-27,53272.34374,54525.80957,52854.51934,53167.88672,261231
2021-07-28,53063.43,53481.2507,51705.50724,52332.23828,322085
2021-07-29,53063.43279,55048.08669,52958.97577,53899.07422,587572
2021-07-30,54003.53516,54107.99219,53167.89,54107.99219,264287
2021-08-02,54316.89319,57346.10226,53899.06885,56406.00391,939667
2021-08-03,56510.46091,57032.73859,55048.08121,56406.00391,577340
2021-08-04,56197.10057,59121.85667,55883.73319,57555.02344,807387
2021-08-05,57659.47397,58286.2087,55256.99574,55883.73047,627014
2021-08-06,56092.6458,56301.55617,54107.99177,54630.26953,826797
2021-08-09,54525.80896,54630.26598,53690.16386,53899.07422,384553
2021-08-10,54107.98419,54421.34787,53376.79248,54316.89453,269882
2021-08-11,54107.98526,55465.90434,52436.69514,52750.0625,802376
2021-08-12,52854.51877,55048.08671,52332.24104,54003.53125,693572
2021-08-13,54421.35215,54421.35215,52750.06561,53690.16406,347697
2021-08-17,54003.52862,54212.43896,52123.32815,52227.78516,402528
2021-08-18,52071.10313,53376.79748,51966.64978,52645.60938,327818
2021-08-19,52227.78867,52332.24202,49929.76368,49981.99219,660408
2021-08-20,49981.99259,50817.63771,49094.11895,49459.71484,406136
2021-08-23,49511.94101,50817.63531,49303.03066,49929.76172,319498
2021-08-24,50138.6717,50974.31678,50034.21836,50452.03906,256932
2021-08-25,50556.49805,51183.23281,50243.13068,50608.72656,222027
2021-08-26,50608.72301,50922.09037,49668.62095,50086.44531,293379
2021-08-27,50034.21836,50765.40643,49616.39398,50452.03906,207652
2021-08-30,51183.23337,52958.97696,50817.63749,52436.69922,493746
2021-08-31,52854.51934,53481.25409,52018.87423,53167.88672,356054
2021-09-01,52958.97675,53585.71151,52436.69901,52645.60938,197130
2021-09-02,52854.51877,54839.17635,52541.1514,54003.53125,509320
2021-09-03,54003.53183,54212.44219,52750.066,53167.88672,316150
2021-09-06,53272.33577,53585.70309,52750.05811,53481.24609,164376
2021-09-07,53272.34395,54003.53205,52750.06622,53063.43359,153539
2021-09-08,52854.51956,53481.25431,52541.15218,53063.43359,182577
2021-09-09,52750.06503,53585.71012,51914.41993,51966.64844,320689
2021-09-10,52175.56445,52750.07074,51183.23739,52018.87891,211337
2021-09-13,52332.24103,52854.51876,51287.68557,51444.37109,191594
2021-09-14,51705.5071,52854.51584,51601.05009,52750.0625,195107
2021-09-15,52332.23793,52854.51563,51862.18873,52854.51563,170807
2021-09-16,52958.97696,53272.34434,52175.56035,52436.69922,182331
2021-09-17,52436.70226,53794.6252,51966.653,53376.80078,444755
2021-09-23,52854.51477,54316.89451,52436.69409,54212.4375,489755
2021-09-24,54525.80896,55048.08669,53376.79649,53899.07422,384903
2021-09-27,53899.07442,54212.44179,52958.97597,53690.16406,285947
2021-09-28,54003.52803,54630.26274,52541.14827,52854.51563,401535
2021-09-29,51809.96588,52332.24364,49981.99373,50556.5,746440
2021-09-30,50243.13123,52645.60958,50243.13123,52436.69922,451819
2021-10-01,52123.32676,55674.81726,52123.32676,54316.89453,973789
2021-10-05,53899.07771,54839.17989,53167.88958,54525.8125,568850
2021-10-06,55048.0918,55257.00218,50138.67774,50295.36328,1024070
2021-10-07,51392.14026,52332.23866,50347.58485,51914.41797,421610
2021-10-08,51966.647,52227.78585,50608.72421,50974.31641,315878
2021-10-12,50974.31517,53585.70734,50974.31517,52854.51563,451602
2021-10-13,53167.883,54003.52805,52436.69496,52958.97266,281664
2021-10-14,53272.34808,53690.16883,52071.10698,52541.15625,397414
2021-10-15,52958.97299,53272.34035,51705.50724,52332.23828,475510
2021-10-18,53063.43299,53690.16406,52227.78788,53690.16406,515550
2021-10-19,54316.89921,54421.35255,52750.066,53167.88672,526588
2021-10-20,53481.25222,53481.25222,50190.9004,50243.12891,1456758
2021-10-21,50817.6342,52332.23882,50556.49535,51496.59375,1805380
2021-10-22,51392.14622,51392.14622,48885.21073,49198.57813,1757858
2021-10-25,48885.20528,49459.71149,48467.38458,48728.52344,454155
2021-10-26,48728.52558,49041.89296,48154.01935,48467.38672,416614
2021-10-27,48519.61239,48780.75124,46691.63676,46900.55078,725273
2021-10-28,46900.55622,48624.07136,46639.41734,47370.60547,465291
2021-10-29,47422.83221,47683.97108,46273.81971,47005.00781,286418
2021-11-01,46796.10048,47213.92123,45803.77344,45803.77344,342985
2021-11-02,45855.99395,46534.95347,45803.76544,46012.67578,177433
2021-11-03,46064.90898,46169.36233,44654.75762,44968.125,388275
2021-11-04,45333.71949,45490.40134,43923.56817,44184.70703,591049
2021-11-05,44289.15838,44550.3009,43453.517,44028.01953,315033
2021-11-08,43766.88437,44550.30466,43244.60663,44341.39063,259155
2021-11-09,44289.16213,44915.89689,44289.16213,44445.84766,212870
2021-11-10,44028.02246,44236.93649,42722.32813,42722.32813,400392
2021-11-11,42095.5955,42722.32655,41938.90998,42252.27734,400476
2021-11-12,42147.8275,43244.60785,42147.8275,42879.01563,291559
2021-11-15,43087.92133,44028.01972,42774.55397,43819.10938,361064
2021-11-16,43505.74397,44863.66678,43453.51913,43871.33984,440570
2021-11-17,44028.02114,45177.03359,43296.83307,44706.98438,433774
2021-11-18,45333.72048,47266.14589,45229.26346,45385.94531,736548
2021-11-19,45385.94707,46221.59221,45177.03671,45751.54297,280578
2021-11-22,45751.53983,45803.76834,44498.07404,44811.44141,341227
2021-11-23,44706.98327,46378.2734,44289.1589,46169.35938,291728
2021-11-24,46639.41266,46639.41266,45124.80436,45855.99609,288567
2021-11-25,46012.68145,46848.32658,45803.77109,46378.27734,249541
2021-11-26,46378.27636,46587.18672,44706.98613,44968.125,265314
2021-11-29,43349.06194,44968.12361,43244.60493,44184.70703,259231
2021-11-30,44236.93466,45124.80456,41991.13829,42461.1875,367303
2021-12-01,42304.50876,43975.79903,42095.5984,43714.66016,241261
2021-12-02,43087.92049,45385.94159,42774.55314,45177.03125,266571
2021-12-03,45177.03125,45699.30894,44759.21057,45177.03125,182402
2021-12-06,45020.35084,46430.49844,44341.38761,46064.90625,287924
2021-12-07,46326.04455,46900.55076,45855.99536,46796.09375,277702
2021-12-08,47109.46347,47788.42304,46169.36135,46326.04688,363703
2021-12-09,46587.18724,49616.39668,46534.95873,49355.25781,828982
2021-12-10,49407.48478,51444.37085,48571.83968,48989.66406,833784
2021-12-13,49459.7129,51078.77458,49041.89219,49511.94141,1008132
2021-12-14,50138.67123,50190.89973,48362.92774,48415.15625,482621
2021-12-15,48362.92792,48937.43414,47527.28284,48101.78906,277515
2021-12-16,48415.16056,49094.12017,47475.06207,47788.42578,314501
2021-12-17,47422.83258,49250.80469,47422.83258,49250.80469,363259
2021-12-20,49041.89313,49041.89313,48049.5625,48049.5625,213701
2021-12-21,48206.24824,48571.84045,47475.06015,47945.10938,174037
2021-12-22,48206.24823,48362.93008,47579.51348,47840.65234,152824
2021-12-23,47945.10528,48415.15447,47527.28093,48154.01563,197277
2021-12-24,48206.24938,49094.11934,48206.24938,48832.98047,234638
2021-12-27,48676.29476,49720.85017,48676.29476,49041.89063,255438
2021-12-28,49303.03122,49355.25605,48467.38612,49094.11719,254102
2021-12-29,49826.431,51628.66619,49190.35128,51151.60547,507016
2021-12-30,51257.61963,51469.64621,50197.48298,50886.57031,323529
2022-01-04,52953.84158,53960.97069,52476.78082,53430.90234,569015
2022-01-05,53324.88527,54279.01049,52900.8321,53960.96875,602286
2022-01-06,52953.84155,54279.0124,52370.76563,52370.76563,500376
2022-01-07,52476.77576,53854.95406,52158.73404,53112.85547,323684
2022-01-10,53536.91633,54809.07958,53112.85943,54172.99609,508152
2022-01-11,54597.04941,54809.07598,52847.8218,53218.87109,372512
2022-01-12,53324.88718,54279.01244,53324.88718,53430.90234,212012
2022-01-13,53854.95599,56399.28239,53642.92568,55657.1875,959248
2022-01-14,55551.17386,56399.28393,54915.09411,56081.24219,418847
2022-01-17,57247.39243,57353.40758,55233.13061,55657.1875,689544
2022-01-18,55869.21601,56823.34124,54491.03761,55127.12109,467941
2022-01-19,54066.98247,56081.24056,53854.95589,54597.05078,353267
2022-01-20,55339.14706,57777.46209,55127.12048,57035.36719,788084
2022-01-21,56293.26733,57247.39253,55127.11928,56717.32422,511412
2022-01-24,55445.15973,55975.22803,51045.59061,51257.61719,1357376
2022-01-25,51257.62179,52317.75848,50674.54586,51416.64453,596838
2022-01-26,51416.64453,51416.64453,51416.64453,51416.64453,0
2022-01-27,51999.71801,52158.74075,49190.35719,49667.41797,467677
2022-01-28,49667.41391,51363.63402,49031.33044,50674.54297,452738
2022-02-03,53960.97113,54172.99773,50356.50414,50409.51172,983104
2022-02-04,50356.50268,51257.62034,49879.44193,51045.59375,342745
2022-02-07,51946.71248,54809.08078,51681.6783,53430.90234,969995
2022-02-08,53430.90234,53430.90234,53430.90234,53430.90234,0
2022-02-09,53430.90234,53430.90234,53430.90234,53430.90234,0
2022-02-10,52317.75558,52476.77831,50780.55821,51734.67969,283271
2022-02-11,51416.6413,51734.6793,50515.52367,50568.53125,270633
2022-02-14,50568.5339,51416.64399,48448.26054,49190.35547,397311
2022-02-15,48978.32884,49667.41619,47812.177,48130.21875,261876
2022-02-16,48660.28929,49190.35766,48289.23995,48713.29688,211038
2022-02-17,48978.32846,50621.53732,48713.29429,50144.47656,407981
2022-02-18,49614.408,50356.50292,49243.3624,50091.46875,211003
2022-02-21,50091.46875,50091.46875,50091.46875,50091.46875,0
2022-02-22,50091.46875,50091.46875,50091.46875,50091.46875,0
2022-02-23,50091.46875,50091.46875,50091.46875,50091.46875,0
2022-02-24,48872.31444,49349.37521,48024.20434,48342.24609,297906
2022-02-25,49031.33097,52158.73705,48766.29681,51840.69531,572180
2022-02-28,51840.69531,51840.69531,51840.69531,51840.69531,0
2022-03-02,56505.29773,58731.58241,56187.256,57777.46094,1445369
2022-03-03,56823.34089,57989.48897,55445.1625,57141.37891,701830
2022-03-04,57141.37891,57141.37891,57141.37891,57141.37891,0
2022-03-07,61169.89998,62018.01006,58095.50513,58413.54688,1101772
2022-03-08,59155.64248,59367.66908,56081.24387,56505.30078,743796
2022-03-10,56505.30078,56505.30078,56505.30078,56505.30078,0
2022-03-11,56505.30078,56505.30078,56505.30078,56505.30078,0
2022-03-14,58625.57176,59579.69324,57671.44654,57989.48828,431132
2022-03-15,57989.48828,57989.48828,57989.48828,57989.48828,0
2022-03-16,57989.48828,57989.48828,57989.48828,57989.48828,0
2022-03-17,57989.48828,57989.48828,57989.48828,57989.48828,0
2022-03-18,53642.92512,54597.05031,52794.81509,54491.03516,635814
2022-03-21,54491.03516,54491.03516,54491.03516,54491.03516,0
2022-03-22,55021.10865,58625.5757,54809.08205,56929.35547,1036168
2022-03-23,57035.36642,57565.43474,56081.24122,56823.33984,376498
2022-03-24,56929.35043,58201.51362,56187.25554,57671.44531,330823
2022-03-25,58307.52934,59579.69255,57989.48761,58837.59766,708788
2022-03-28,59261.65082,59791.72286,58413.5445,58837.59766,326741
2022-03-29,58943.61455,58943.61455,54597.05277,55127.12109,819340
2022-03-30,54597.05052,56823.3389,54279.00879,56611.30859,403396
2022-03-31,57353.41035,57777.46353,55127.12185,55339.14844,433624
2022-04-01,55551.17503,56293.26995,54703.06494,55339.14844,355208
2022-04-04,55445.16168,56187.25658,54703.06305,55869.21484,171818
2022-04-05,55975.23236,55975.23236,53960.97043,54385.02734,447668
2022-04-06,53960.96882,55339.14721,53854.95739,55021.10547,393469
2022-04-07,54385.0276,54915.09594,53112.86059,53430.90234,354909
2022-04-08,54066.98314,54597.05146,53218.87309,53748.94141,200725
2022-04-11,53854.95779,54703.06413,53748.94263,54066.98438,148267
2022-04-12,53536.91529,54491.03678,53324.88498,53854.95703,154046
2022-04-13,53960.96742,55869.21408,53960.96742,55657.1875,406349
2022-04-14,55763.20085,56081.24259,55021.10594,55127.12109,199809
2022-04-15,54915.09531,57035.36865,54279.01181,56399.28516,394122
2022-04-18,56505.30036,57671.44846,56399.2852,57459.42188,307991
2022-04-19,57459.4172,57565.43235,56399.28061,57247.39063,221739
2022-04-20,56823.34053,56823.34053,55445.16215,55975.23047,257082
2022-04-21,55975.23123,56611.31098,55657.18948,56187.25781,159511
2022-04-22,55445.16435,55869.21753,55233.13403,55551.17578,176840
2022-04-25,54279.00981,55869.21476,54172.99465,54809.07813,219047
2022-04-26,55339.14577,56187.25581,54703.0623,55657.1875,241555
2022-04-27,54491.03909,55869.21753,54279.0125,55551.17578,271718
2022-04-28,55869.21607,56187.25781,54809.07941,56187.25781,241218
2022-04-29,56187.25903,56611.31221,55445.1641,56505.30078,333712
2022-05-02,56081.24085,59261.65072,56081.24085,57777.46094,758694
2022-05-03,58201.51232,59791.72094,57459.41745,59367.66406,578268
2022-05-04,59685.70977,61063.88818,58837.59969,60427.80469,568547
2022-05-06,59685.70977,60957.87302,59367.66802,60427.80469,313194
2022-05-10,58307.52888,59261.65034,57035.36568,58731.58203,387547
2022-05-11,58731.58252,58731.58252,55763.19922,55763.19922,450534
2022-05-12,55551.17503,56611.3117,55233.13328,55339.14844,307446
2022-05-13,55551.17386,56187.25734,54915.09411,56081.24219,168786
2022-05-16,56823.34249,56929.35392,55339.1489,55445.16406,216826
2022-05-17,55445.16406,56187.25899,54809.08056,55445.16406,188389
2022-05-18,55869.21428,55869.21428,54597.05107,54703.0625,237257
2022-05-19,53430.90014,54172.99504,53324.88498,53854.95703,248641
2022-05-20,54066.98124,54809.07611,53748.93952,54279.00781,225894
2022-05-23,55445.15921,56081.23892,54597.04919,55233.12891,224861
2022-05-24,55127.12103,55657.18936,53854.95779,54066.98438,196657
2022-05-25,54491.03592,55339.14597,54066.98276,54703.0625,283604
2022-05-26,55339.14848,56823.34206,54915.09531,56399.28516,390448
2022-05-27,56823.34249,56929.35392,55339.1489,55445.16406,224345
2022-05-30,55975.23054,57565.43551,55869.21539,57035.36719,279041
2022-05-31,57035.36748,57141.37891,56505.29915,57141.37891,209731
2022-06-02,57459.42078,59579.69409,57141.37904,59261.65234,615770
2022-06-03,59473.68359,59685.71018,58201.51661,59473.68359,288590
2022-06-07,59685.70977,61275.91476,59579.69461,60427.80469,614003
2022-06-08,61169.90037,61169.90037,58943.61559,60639.83203,358938
2022-06-09,60427.80193,62972.12832,59897.73363,62760.10547,795811
2022-06-10,62336.052,64456.32908,62018.01026,62654.09375,775112
2022-06-13,61805.98191,63078.14514,61063.88701,61169.89844,617046
2022-06-14,60321.79297,60851.8613,58625.57283,60321.79297,548533
2022-06-15,60851.85928,61169.89729,56293.26733,56717.32422,767880
2022-06-16,55551.17578,57035.36938,54491.03909,55551.17578,739559
2022-06-17,54066.98124,55127.11783,53642.92436,54279.00781,496985
2022-06-20,56293.27039,56399.28554,53218.8755,54385.02734,585026
2022-06-21,54703.06297,55233.13129,52317.75554,54809.07813,819750
2022-06-22,55339.15065,55445.16581,49614.41016,49614.41016,1098811
2022-06-23,49402.38403,50515.52834,47494.13718,47600.15234,705866
2022-06-24,47494.13366,50462.51702,47494.13366,49773.42969,554974
2022-06-27,50409.50881,51257.61886,49773.42907,50674.54297,303336
2022-06-28,50674.54521,52529.7844,50674.54521,52317.75781,353483
2022-06-29,51575.65973,54066.98227,51151.60658,52476.77734,397900
2022-06-30,52529.78187,53324.88434,51628.66797,51628.66797,252978
2022-07-01,52529.78467,54703.06562,52423.77324,53430.90234,500042
2022-07-04,53642.92695,53748.94211,48925.31963,49773.42969,494951
2022-07-05,49773.43366,49773.43366,46434.00072,48766.30078,694509
2022-07-06,48183.22882,49296.36941,46646.02757,46699.03516,497876
2022-07-07,47017.07909,47441.13231,45850.92713,47282.11328,292437
2022-07-08,47971.2007,48130.22345,46911.06392,47282.11328,287098
2022-07-11,47441.13036,47494.13794,46434.0012,46752.04297,233347
2022-07-12,46487.00579,46593.01722,44578.75903,44896.80078,327279
2022-07-13,44525.7564,44949.80962,43306.60058,44154.70703,389358
2022-07-14,43518.62589,46380.99439,43412.61072,45903.93359,448248
2022-07-15,46433.99779,46487.00536,44578.75862,45850.92188,351030
2022-07-18,46009.94489,47388.11958,46009.94489,46964.06641,289393
2022-07-19,48077.21243,49561.40233,47547.14408,48501.26563,631094
2022-07-20,49720.42531,49720.42531,47229.10254,48554.27344,461595
2022-07-21,48607.27658,48978.32589,48077.20827,48395.25,211800
2022-07-22,48872.31203,53218.87377,48872.31203,52900.83203,1179461
2022-07-25,53112.85802,55657.18818,52476.77828,54809.07813,962686
2022-07-26,54809.07736,56611.30887,54279.00905,54597.05078,570494
2022-07-27,55233.13328,55975.23193,53112.85994,55339.14844,527976
2022-07-28,55445.16557,58307.53394,55127.12381,56929.35547,876231
2022-07-29,57353.41504,70499.10935,57035.37327,68272.82813,9562066
2022-08-01,67636.74468,69544.98786,67424.71434,68378.83594,2304130
2022-08-02,68484.84764,72725.39447,67424.71094,67424.71094,3736483
2022-08-03,67424.70791,69757.01154,65940.51808,66576.60156,1672085
2022-08-04,67530.723,67954.77617,64986.39651,65516.46484,1319097
2022-08-05,65834.50678,68590.86375,64138.28653,67636.74219,1699079
2022-08-08,68696.87804,74845.66796,67848.7642,73785.53125,3620949
2022-08-09,73361.47989,78238.11036,72301.34315,74209.59375,2743841
2022-08-10,73255.45954,76859.93015,73149.45184,74951.67969,1304776
2022-08-11,75693.77833,75905.80119,73361.4747,74951.67969,1015023
2022-08-12,74527.64063,76647.91434,74103.58737,74527.64063,823722
2022-08-16,74951.67969,78450.13514,74315.5962,74951.67969,1252061
2022-08-17,74951.68159,75375.73477,72195.32472,73361.47656,1042114
2022-08-18,73891.54588,76859.93311,72831.40918,75693.78125,1291536
2022-08-19,76011.81587,77071.95252,74845.66406,74845.66406,644756
2022-08-22,74315.61027,76647.91434,74103.58737,74527.64063,775355
2022-08-23,75269.72425,79722.29369,74845.66363,76753.91406,1896878
2022-08-24,77814.05617,82160.61822,76753.91945,80358.38281,2723398
2022-08-25,80358.38481,80358.38481,77390.0049,78768.17969,1287612
2022-08-26,80464.40031,83326.77252,78556.15714,83114.74219,2121724
2022-08-29,82054.6025,85022.98977,81948.58734,84386.90625,1939052
2022-08-30,85022.98675,85765.07795,80782.43259,81524.53125,1306027
2022-08-31,81630.55583,86931.23982,79722.30512,86295.15625,2446537
2022-09-01,87143.26378,89475.56009,84386.90682,84598.92969,1969342
2022-09-02,85341.03171,86825.22168,82478.65947,85447.04688,1258946
2022-09-05,86083.12839,90217.66017,84598.93099,89157.52344,1858640
2022-09-06,89793.60409,91595.83202,88733.46739,90535.69531,1253407
2022-09-07,89899.61577,92019.89673,85553.06106,87355.28906,1903615
2022-09-08,87779.33927,88203.39992,83644.80758,86507.17969,1768396
2022-09-13,86825.2177,86931.23286,78238.10883,82266.63281,3145686
2022-09-14,80040.34003,84174.8715,78980.20337,83220.75,1594981
2022-09-15,83644.80375,86825.21375,81842.56844,83432.77344,1601162
2022-09-16,82372.63546,83750.81757,78662.15719,78874.1875,1781069
2022-09-19,79298.2461,80888.45118,76965.94233,78238.10938,1279351
2022-09-20,78556.15818,80358.38621,77920.07463,79086.22656,1005534
2022-09-21,78768.17774,79192.23093,76011.82077,78238.10938,1091892
2022-09-22,79828.30913,81842.56727,76541.88402,80994.46094,1795814
2022-09-23,81418.52907,82266.64302,78026.08818,78556.16406,1001597
2022-09-26,77708.04217,78662.16374,69544.98632,70075.05469,3498468
2022-09-27,70287.08855,71241.21017,67106.67818,68908.90625,2414881
2022-09-28,69014.92005,71771.27714,65940.52491,66364.57813,1959548
2022-09-29,67318.69269,69226.94315,65516.46484,65516.46484,1435095
2022-09-30,64668.3419,67318.68317,63078.13714,65198.41016,1451581
2022-10-04,66470.58641,68908.89774,64032.26762,66576.60156,2049895
2022-10-05,68060.78789,68166.80304,64138.27947,65728.48438,1223782
2022-10-06,65728.48723,66152.5404,64456.32772,65410.44922,741560
2022-10-07,64668.35301,65092.40619,61169.90118,62972.13281,2053988
2022-10-11,63820.24377,64244.29694,60639.83012,61169.89844,1293770
2022-10-12,60745.84841,61912.00026,58731.58644,60957.875,1191052
2022-10-13,59897.7343,60215.77603,55763.19922,55763.19922,1748568
2022-10-14,57353.40869,61381.92867,57035.36695,60109.76172,1585975
2022-10-17,60533.8206,62018.01046,57035.36882,60639.83203,1548378
2022-10-18,62018.01128,64138.28466,61381.93151,62972.13281,1390409
2022-10-19,64138.28466,64986.39849,62230.03788,62972.13281,1487492
2022-10-20,64562.33682,65410.45064,63078.14697,63714.23047,1521563
2022-10-21,63714.22995,64032.26796,62018.00979,62548.07813,640279
2022-10-24,63714.22054,66682.59978,63714.22054,65198.41016,1318703
2022-10-25,65940.51456,66364.56771,64138.27936,64668.34766,804033
2022-10-26,64986.39605,66364.57071,64668.35058,65410.44922,789479
2022-10-27,65516.46444,66470.58594,65304.43413,66470.58594,806747
2022-10-28,66576.60547,69120.93211,66046.53711,67636.74219,1041381
2022-10-31,68696.88081,71029.17719,64032.27315,70287.08594,1635758
2022-11-01,70499.1083,72725.39696,69438.97156,72301.34375,941429
2022-11-02,72301.33759,76541.8842,71771.26926,74845.66406,1628151
2022-11-03,74633.63882,76965.93491,73785.52505,76223.84375,968619
2022-11-04,76223.84824,80252.36464,76223.84824,79510.27344,1289684
2022-11-07,82690.68331,83962.84285,74633.64306,75269.72656,2508335
2022-11-08,75693.78274,78556.15487,74739.66118,78238.10938,1079100
2022-11-09,78980.19717,79298.23516,76753.90887,77496.0,728572
2022-11-10,76329.85573,78556.14403,76329.85573,77496.0,647324
2022-11-11,78450.12888,79510.26546,76435.86343,77496.0,964284
2022-11-14,77177.96912,77177.96912,74209.58942,75163.71094,822026
2022-11-15,75693.77833,75693.77833,73361.4747,74951.67969,645084
2022-11-16,76541.89009,77071.95846,73467.49505,74209.59375,941372
2022-11-17,74315.60254,74951.68608,72089.31388,72407.35938,729507
2022-11-18,72513.37115,76753.91795,70711.13578,75693.78125,1277527
2022-11-21,76011.81403,78450.13274,75057.69256,76435.86719,1072711
2022-11-22,76541.89301,77708.04495,76117.83979,77177.97656,623334
2022-11-23,77283.98476,77389.99992,74421.61275,75269.72656,733016
2022-11-24,75587.76087,76541.88234,74951.6774,76435.86719,477499
2022-11-25,76647.91116,76753.92633,75269.73628,75799.80469,379318
2022-11-28,76965.94922,78662.16962,75587.77434,75799.80469,774345
2022-11-29,75587.76613,79086.22171,75057.69778,77814.05469,952338
2022-11-30,78450.13478,78450.13478,76117.83116,76965.9375,638262
2022-12-01,77602.02737,77814.0577,75799.79938,76541.89063,471285
2022-12-02,76859.93555,77814.05712,75057.70012,76329.86719,718239
2022-12-05,76435.8689,76965.93723,71983.29944,72725.39063,916164
2022-12-06,71665.252,73255.45693,71559.23685,72195.32031,487042
2022-12-07,71665.25584,72301.33934,70287.08114,71135.1875,464615
2022-12-08,70605.12454,71029.17775,68908.90424,70499.10938,521775
2022-12-09,70499.10881,71029.17719,69226.94919,70287.08594,481577
2022-12-12,70287.07738,72725.38862,69757.00907,72195.32031,503605
2022-12-13,72513.37167,74209.5919,72513.37167,73785.53125,451219
2022-12-14,73891.54826,74527.63179,73043.44185,74209.59375,265471
2022-12-15,74315.60629,76965.9483,74209.59858,75587.77344,569122
2022-12-16,74845.66395,76859.92955,74315.59562,74739.65625,447747
2022-12-19,74951.6836,76435.87351,74421.61524,76011.82031,392801
2022-12-20,76011.82271,77814.05816,75905.80754,76647.90625,616443
2022-12-21,77177.97462,77390.00496,75905.80754,76647.90625,349627
2022-12-22,76859.93416,77071.95703,74951.6836,76011.82031,435329
2022-12-23,75163.71589,76435.87551,74103.57915,74421.61719,485381
2022-12-26,74421.60852,76329.8589,73361.4719,76223.84375,440604
2022-12-27,76223.85485,79404.26517,75799.80163,79298.25,851180
2022-12-28,79713.81075,80573.26318,77565.191,78317.21094,634894
2022-12-29,77994.91664,80036.11153,77565.19419,79069.22656,532909
2023-01-02,79498.95657,81647.57641,77887.4917,79069.22656,622130
2023-01-03,79069.21925,79928.67164,75201.70995,76705.74219,766336
2023-01-04,76920.60375,77457.75869,74342.26156,77135.46875,499990
2023-01-05,77242.89554,77780.05043,70474.73928,71763.91406,1365230
2023-01-06,70904.47131,73267.9562,70689.61385,71978.78125,475792
2023-01-09,72730.80378,73805.11376,72086.21628,73053.09375,472656
2023-01-10,73375.39128,74664.56628,72193.64879,73053.09375,458244
2023-01-11,73912.54198,79284.09157,73805.10948,79069.22656,1481012
2023-01-12,79713.80881,84548.20313,79069.22139,84548.20313,1605430
2023-01-13,84548.19961,86374.5293,83473.88981,86159.67188,1135589
2023-01-16,85944.81293,88415.72263,84333.34811,86804.25781,1117042
2023-01-17,86696.83006,89382.60467,85944.81015,86911.6875,994679
2023-01-18,86696.83438,87233.98933,82292.16229,82936.74219,985435
2023-01-19,82292.1643,83796.19668,80680.69942,81110.42188,688903
2023-01-20,81110.42036,82292.16276,79928.67795,81755.00781,651519
2023-01-25,82399.58771,82936.74266,79606.38801,81755.00781,9623
2023-01-26,80143.54688,84011.05667,79821.24935,80143.54688,8487
2023-01-27,83581.32901,84011.05145,82184.72917,83259.03906,4893
2023-01-30,83259.03775,87233.9873,81432.70794,82721.88281,4190
2023-01-31,82829.31934,86804.26152,82184.73187,86374.53906,8863
2023-02-01,87233.98869,87986.00108,85944.81381,86481.96875,5987
2023-02-02,87126.55619,87663.71114,85407.65886,86481.96875,3484
2023-02-03,86159.67922,88415.72396,85515.09178,87341.41406,5916
2023-02-06,86267.1091,90671.78143,84870.50918,87448.85156,7537
2023-02-07,90242.05622,91316.36614,88523.15883,89597.46875,4875
2023-02-08,90349.48305,91101.49542,89275.1732,89812.32813,5107
2023-02-09,90027.1854,91960.94767,89704.89547,90994.07031,2878
2023-02-10,89919.76324,95613.60262,89919.76324,90886.64063,5866
2023-02-13,94754.15272,95935.89504,93357.5454,94002.13281,7042
2023-02-14,94109.57694,96902.78435,93572.42196,95613.60938,3604
2023-02-15,95721.03381,96473.05374,92390.67169,93572.41406,3889
2023-02-16,93464.98008,95506.16729,92498.10272,94217.0,5331
2023-02-17,93142.69144,95721.03362,91423.79414,94754.15625,2448
2023-02-20,95076.44548,96473.05284,92820.39326,93894.70313,3384
2023-02-21,93572.41754,95076.4499,92927.83008,94324.4375,3635
2023-02-22,93572.4206,98084.5254,92498.11065,93035.26563,3892
2023-02-23,93464.98945,96043.33185,92605.5445,95613.60938,3861
2023-02-24,95613.60374,99373.68838,95398.74629,99051.39844,12380
2023-02-27,99910.84923,99910.84923,93572.42196,95613.60938,1102024
2023-02-28,96043.32661,98729.10893,95076.44921,96687.91406,624351
2023-03-02,97117.63438,98299.37676,94861.58967,97654.79688,523783
2023-03-03,97977.09233,100877.7322,97439.93736,100662.8672,663366
2023-03-06,101200.0153,105174.9648,101092.5828,103563.5,655174
2023-03-07,103563.5054,105389.8277,103026.3504,104530.3828,436057
2023-03-08,103241.2053,105819.5551,102704.0504,103456.0703,428497
2023-03-09,103778.3579,104852.6678,102274.3256,104422.9453,430636
2023-03-10,103563.4993,105067.5316,101737.1695,102704.0469,399212
2023-03-13,101629.737,103026.3444,98514.23993,102704.0469,548372
2023-03-14,103133.7708,104852.6681,101200.0161,102059.4609,542596
2023-03-15,103885.7928,107431.02,102918.9154,106679.0,668003
2023-03-16,106678.9987,107108.7211,100985.1517,102918.9141,715881
2023-03-17,103778.3554,106464.13,101414.8783,102166.8906,746325
2023-03-20,101737.1667,105712.1161,101629.7342,102811.4766,486357
2023-03-21,103993.2173,105282.3921,103563.4949,104637.8047,444203
2023-03-22,105174.966,105174.966,95398.74461,97654.79688,1937808
2023-03-23,97654.79366,100233.1358,96687.90875,98943.96094,788496
2023-03-24,99373.68707,100018.2745,97225.0673,98514.24219,567345
2023-03-27,98621.67171,100447.9939,97869.65179,99803.41406,531959
2023-03-28,99373.68564,103885.7901,99373.68564,102381.7578,624816
2023-03-29,102704.0464,102811.4789,100233.1368,101844.6016,347237
2023-03-30,102274.3193,104852.6614,101629.7319,103778.3516,560084
2023-03-31,103456.0655,107431.0149,103348.633,106571.5625,669125
2023-04-03,107323.5868,111405.9614,107216.1543,110224.2266,583160
2023-04-04,111728.2516,118174.1105,111620.8191,115488.3359,928720
2023-04-05,116777.5149,123438.2315,116025.4949,120322.7344,1195109
2023-04-06,121397.0491,122471.359,119140.9968,121611.9141,570730
2023-04-07,121074.7545,121074.7545,116992.3725,119140.9922,567679
2023-04-10,119463.2866,127628.0353,117851.8219,126016.5781,833320
2023-04-11,128487.4915,129024.6388,118281.5408,120859.8828,1122912
2023-04-12,120859.8956,125264.5678,119785.5857,120967.3281,702518
2023-04-13,120967.3196,121289.6095,117851.8226,120107.8672,652673
2023-04-14,120107.8643,120537.5942,114414.0253,115810.625,949434
2023-04-17,116670.084,119463.2912,116562.6515,118496.4063,590319
2023-04-18,118496.4073,119033.5623,115273.4777,116992.375,513056
2023-04-19,117636.9561,118818.6984,114951.1815,116347.7813,492064
2023-04-20,117207.2354,120537.5974,114951.1832,115703.2031,950722
2023-04-21,116455.2185,116562.651,111298.5341,114414.0313,563897
2023-04-24,115918.0613,122149.063,113232.2867,114199.1641,1553284
2023-04-25,115595.7763,121397.0482,113554.5814,118711.2734,1603290
2023-04-26,119463.2976,119463.2976,109149.9208,115918.0703,1355220
2023-04-27,113232.2853,123008.5063,110224.2208,119248.4219,1796171
2023-04-28,120322.7347,122471.3544,108935.0486,110331.6484,1739338
2023-05-02,109579.6367,117099.8057,108935.0492,115595.7734,1051541
2023-05-03,115273.4724,119570.7118,114306.5951,114843.75,661260
2023-05-04,113984.3099,115918.0646,110976.2377,112910.0,520814
2023-05-08,114951.1822,115380.9046,111943.1101,112802.5625,397177
2023-05-09,113662.0152,113662.0152,109149.9182,109579.6406,526671
2023-05-10,111298.5299,112802.5622,110224.2201,110761.375,388513
2023-05-11,111405.9591,115058.6187,110116.7918,114414.0313,743793
2023-05-12,115058.6172,116132.9271,109257.338,110653.9453,805988
2023-05-15,110653.9438,111835.6862,109042.4791,111298.5313,347507
2023-05-16,111298.5341,112050.5464,110009.3592,111191.1016,311382
2023-05-17,108505.333,112157.9853,108505.333,111835.6953,463161
2023-05-18,112480.273,114414.0354,110976.2407,111620.8281,479078
2023-05-19,111943.1104,114951.1825,111728.253,114843.75,583499
2023-05-22,116884.9372,121182.1841,116670.0798,119248.4219,897662
2023-05-23,120537.5995,120645.0245,116025.4951,119140.9922,562388
2023-05-24,119463.2956,120322.7405,117099.8108,118926.1406,480972
2023-05-25,117636.9569,118603.8343,115380.9048,116025.4922,445336
2023-05-26,117959.2508,119140.9932,113447.1539,114414.0313,591373
2023-05-30,115918.066,117099.8084,112802.5688,113447.1563,549284
2023-05-31,113447.1575,115810.6348,111835.6927,113984.3125,3414405
2023-06-01,114091.73,119033.5567,114091.73,116025.4922,664617
2023-06-02,116884.9427,119463.2925,116025.4978,119033.5625,583807
2023-06-05,119463.2916,120752.4589,116777.5169,117314.6719,336463
2023-06-07,117744.3872,119140.9869,115703.2001,115810.625,464073
2023-06-08,116347.7843,117529.5267,115273.4745,116240.3594,415589
2023-06-09,116240.3595,116347.7845,114951.1847,115058.6172,379212
2023-06-12,116025.4944,118603.8365,115595.772,116240.3594,574002
2023-06-13,116777.5174,118603.8396,113554.5802,118174.1172,778584
2023-06-14,118174.1207,120107.8755,117529.5332,118926.1406,502182
2023-06-15,118496.4061,122256.4982,117314.6713,119678.1484,651532
2023-06-16,120645.0201,126768.5891,120537.5952,125479.4219,1037969
2023-06-19,127090.8935,149114.2536,126983.461,147502.7813,3105847
2023-06-20,147502.7885,154915.5255,145891.3311,153089.2031,1947399
2023-06-21,154593.2318,158353.3087,148147.3726,149114.25,1422197
2023-06-22,149866.2546,152552.0367,145461.5829,147932.5,857637
2023-06-23,147610.2108,147717.6433,143205.5389,144387.2813,591603
2023-06-26,142668.3779,143312.9577,138263.7063,141379.2031,622896
2023-06-27,141271.7943,143312.9817,138586.0119,140197.4844,408709
2023-06-28,141271.7806,141808.9279,136222.5289,137189.4063,452770
2023-06-29,136544.8122,138156.2845,133214.4502,134503.625,625472
2023-06-30,135255.6525,138478.5824,133966.4926,136867.125,556113
2023-07-03,137511.6977,140519.7775,134073.903,139767.75,493056
2023-07-04,140734.6132,142131.2205,137619.1163,141486.6406,467693
2023-07-05,141808.9257,143742.6954,140090.036,142560.9531,391496
2023-07-06,142668.3779,143742.6876,140197.4609,141379.2031,359831
2023-07-07,140842.0668,141916.3768,138693.4469,141271.7969,320803
2023-07-10,145569.02,145676.4525,140304.9033,141594.0781,499910
2023-07-11,141808.9249,154593.2252,139875.1702,151692.5781,993126
2023-07-12,153196.6229,153304.0554,146535.8989,147395.3438,510289
2023-07-13,148684.5137,152552.0381,146643.3266,151692.5781,523750
2023-07-14,151907.4413,152229.7388,145139.2851,145891.3125,556615
2023-07-17,144924.4471,144924.4471,140412.3426,140734.625,520165
2023-07-18,140734.6163,141164.3463,136867.1071,137833.9844,439142
2023-07-19,138156.2931,139982.6154,136222.5383,137404.2656,346329
2023-07-20,136115.1058,139015.738,135255.6458,137404.2656,285602
2023-07-21,137404.2544,138478.5642,135363.0673,137833.9844,256393
2023-07-24,137511.6951,141594.0848,136437.3852,138693.4375,512288
2023-07-25,138693.4276,144064.9767,138585.9952,142883.2344,585978
2023-07-26,144602.1451,144709.5776,134825.9239,136222.5313,792328
2023-07-27,149866.2804,162220.8527,132247.5906,133536.7656,3293546
2023-07-28,135040.8001,135148.2175,123867.9707,124082.8281,1349180
2023-07-31,126124.0111,135148.2127,126016.5861,131280.7031,1108393
2023-08-01,131495.5649,132355.0098,128057.7703,130528.6875,498732
2023-08-02,130206.3941,135900.2411,128165.2068,129776.6641,670696
2023-08-03,129776.6531,132140.1377,127413.1836,127842.8984,430177
2023-08-04,127842.8972,130206.3818,127413.1824,128487.4922,284056
2023-08-07,130528.6887,133321.8884,128057.7715,129884.0938,421177
2023-08-08,129346.9388,129776.6537,126124.0018,127520.6016,424144
2023-08-09,126983.4587,127628.0386,124405.1166,126768.5938,310208
2023-08-10,126231.4396,126661.162,123008.51,123223.375,403246
2023-08-11,123223.378,125371.9978,122578.7906,125157.1328,282034
2023-08-14,125479.4245,125694.282,121182.1852,122149.0625,304670
2023-08-16,120859.8914,122256.4988,117314.6719,117314.6719,463929
2023-08-17,115918.0647,118066.6844,113984.3099,116132.9297,520928
2023-08-18,115273.4759,119678.1479,115058.6185,115595.7734,415055
2023-08-21,115918.0651,118711.2723,115595.7752,116992.375,271019
2023-08-22,116455.2201,118603.8398,111513.3931,116992.375,401452
2023-08-23,117636.9589,121611.9083,117422.0939,120645.0234,392720
2023-08-24,120752.4629,122256.5029,116455.2233,118926.1406,447967
2023-08-25,118711.2721,119785.582,117744.3947,118174.1172,240121
2023-08-28,119248.4244,121826.7665,119033.5594,121504.4766,238030
2023-08-29,122149.0662,122686.2211,119248.4265,121719.3438,256437
2023-08-30,123545.6741,124512.5515,120967.3317,123760.5391,312304
2023-08-31,124405.116,124405.116,121611.9089,122686.2188,413276
2023-09-01,122901.0725,126338.867,122793.6476,123115.9375,339850
2023-09-04,124405.123,125372.0005,122901.0831,123008.5156,209319
2023-09-05,123438.2324,124405.1174,121289.6127,123223.375,206336
2023-09-06,123115.9453,127090.8949,122256.5004,126338.875,386721
2023-09-07,125801.7136,127198.3209,120859.8868,122471.3516,471533
2023-09-08,122256.4937,127090.888,122041.6287,126016.5781,431133
2023-09-11,126661.1694,131603.0041,126553.7444,130850.9766,561365
2023-09-12,131817.8573,132677.3021,125909.1456,126016.5781,575357
2023-09-13,126016.5835,126016.5835,119893.0141,120537.6016,478004
2023-09-14,120752.4592,121826.7691,118926.1369,119355.8594,400736
2023-09-15,121826.7653,123545.6626,119785.5781,119785.5781,396316
2023-09-18,120107.8667,121074.7516,119248.4219,119248.4219,194249
2023-09-19,119248.4315,119463.2965,115810.6367,117422.1016,306827
2023-09-20,116562.6539,117851.8288,115595.7765,117529.5313,167726
2023-09-21,117422.0968,119248.4266,116884.9419,117314.6719,279527
2023-09-22,116025.5004,116670.0879,111728.2608,113662.0156,470126
2023-09-25,113662.0168,115488.3466,112050.5519,112157.9844,291930
2023-09-26,112265.4069,114843.7489,111513.387,111943.1094,299789
2023-09-27,111298.5416,112695.1415,110439.0891,112372.8516,210403
2023-10-04,112050.5444,112050.5444,108935.0473,109794.4922,315049
2023-10-05,109257.3438,110439.0862,105604.6916,106034.4141,379329
2023-10-06,105819.5538,107216.1536,105174.9664,106141.8438,228414
2023-10-10,114414.0242,115380.9015,107538.4354,108505.3203,1063930
2023-10-11,108827.6141,112050.5436,105712.1171,111298.5313,407267
2023-10-12,112265.4076,115166.0472,111728.2527,112802.5625,345551
2023-10-13,111728.2553,114199.1649,110653.9454,113876.875,230390
2023-10-16,113876.8737,116562.6483,108720.1819,108935.0469,492904
2023-10-17,109472.2099,111083.6748,107431.0225,107753.3125,321442
2023-10-18,108183.0258,110653.9429,105819.5487,107216.1484,420878
2023-10-19,105819.5577,106679.0027,103670.9379,104530.3828,302121
2023-10-20,103993.2286,106034.416,99910.84632,100985.1563,372300
2023-10-23,96902.78076,108720.1899,96902.78076,107753.3125,614934
2023-10-24,108505.3233,109472.2006,104208.0839,107216.1484,360803
2023-10-25,108183.0228,113876.8693,107538.4354,108505.3203,478532
2023-10-26,107108.7294,109257.3493,105389.8319,107001.2969,315674
2023-10-27,107001.2837,107753.3036,104745.2391,104852.6641,255724
2023-10-30,105174.9616,112480.2654,105067.5291,109257.3359,486458
2023-10-31,109579.6301,110868.7973,105926.9707,108505.3203,525765
2023-11-01,111083.6646,122578.7827,110224.2197,121934.1953,1298206
2023-11-02,123975.3828,125371.9901,120000.441,123975.3828,677893
2023-11-03,123975.3842,129991.5208,123867.9592,128917.2109,719493
2023-11-06,131173.2696,131388.1346,127520.6099,130743.5547,557581
2023-11-07,130421.2639,134181.3412,130313.8314,133107.0313,490123
2023-11-08,133751.6239,133859.0565,128809.7892,130850.9766,283587
2023-11-09,130421.2682,135148.223,130206.4032,133536.7656,332154
2023-11-10,132569.8814,135040.7988,131388.139,134073.9063,258623
2023-11-13,134073.89,137189.402,133321.8777,134396.1875,271571
2023-11-14,135363.0739,138048.8561,134825.9265,137296.8438,281636
2023-11-15,138048.8594,139338.0343,136007.6721,138048.8594,330200
2023-11-16,136974.544,137081.9765,128487.4976,129454.375,695723
2023-11-17,129239.5105,130958.4002,125371.9935,130313.8203,392433
2023-11-20,129884.0903,131065.8327,127950.3356,130313.8203,214533
2023-11-21,130206.3858,131388.1281,128702.3459,128917.2109,211624
2023-11-22,128702.3514,130743.5537,127842.9065,129884.0938,209382
2023-11-23,131065.8309,132032.7083,129132.0762,130958.3984,201820
2023-11-24,131065.8278,131388.1252,128917.2081,129024.6406,140897
2023-11-27,129991.5198,130206.3848,127090.8878,127198.3203,172747
2023-11-28,127628.035,128809.7774,126661.1577,128380.0625,236379
2023-11-29,128809.7835,136115.1028,126983.4612,132247.5781,807093
2023-11-30,130850.9687,136759.6805,130850.9687,135255.6406,845919
2023-12-01,135255.6552,148684.5375,135148.2227,146106.1875,1676723
2023-12-04,146321.0261,150940.5627,144494.704,148577.0781,1038091
2023-12-05,147502.7658,150510.8301,144279.8365,145139.2813,546287
2023-12-06,143957.5477,147502.7747,141916.3605,145998.75,624433
2023-12-07,146106.1683,149329.1129,142023.7939,143312.9688,526759
2023-12-08,140090.0445,144279.8515,136437.3849,141056.9219,773358
2023-12-11,144387.2804,147932.5074,135577.9366,138263.7188,997859
2023-12-12,134288.7617,139338.0286,132677.3045,138263.7188,612403
2023-12-13,137189.4129,138371.1553,133321.8882,134288.7656,378555
2023-12-14,132140.1354,137296.8345,132140.1354,134396.1875,426692
2023-12-15,134933.3582,135577.9381,133214.4534,135255.6406,328194
2023-12-18,135577.9443,137404.2666,134073.9044,135040.7969,218327
2023-12-19,135040.7907,135363.0731,133321.8859,135255.6406,159455
2023-12-20,135900.2171,136652.2294,134288.745,136544.7969,250967
2023-12-21,136329.9573,136437.3898,134611.0675,134718.5,160011
2023-12-22,134933.3492,138693.4259,134181.3217,137081.9688,280997
2023-12-26,136974.5535,137189.4185,131925.2862,132032.7188,236222
2023-12-27,133968.9656,135713.0781,133859.9576,135713.0781,153094
2023-12-28,136476.1187,136476.1187,134623.0135,135713.0781,166973
2024-01-02,135931.0988,141381.4219,135713.0828,141381.4219,311733
2024-01-03,140727.3816,146286.7129,138874.2762,145305.6563,507738
2024-01-04,146177.6913,148466.8284,141817.433,144215.5781,378900
2024-01-05,144978.6212,155007.2185,141163.4028,142907.5,1011988
2024-01-08,142907.5124,145632.6818,139855.3343,140618.375,246114
2024-01-09,142689.4802,142689.4802,140509.351,140836.375,224775
2024-01-10,142253.472,151955.0456,141926.448,148575.8438,987221
2024-01-11,149229.8878,157296.3566,148575.8398,154789.2188,1095763
2024-01-12,155443.2605,162964.7052,152609.0985,154026.1719,901705
2024-01-15,156097.2865,158604.4397,151628.02,153481.1406,181478
2024-01-16,152936.0972,154026.1618,150319.9514,151192.0,247189
2024-01-17,150864.9918,151955.0565,145523.6762,147158.7656,356733
2024-01-18,147376.7683,155116.2285,147267.7603,154135.1719,623552
2024-01-19,155334.2533,160130.544,152718.092,157623.3906,586451
2024-01-22,159040.4797,162419.6817,155988.3017,161438.625,487560
2024-01-23,162092.6595,162637.6995,156206.3041,156533.3281,406199
2024-01-24,154680.2035,158495.4217,152609.0824,154462.1875,258939
2024-01-25,154680.2217,158713.4564,152718.093,153154.125,323353
2024-01-26,152173.0759,156206.3108,151846.0519,153263.1406,247904
2024-01-29,154680.2167,157187.3546,147703.7969,147703.7969,433928
2024-01-30,147703.8049,149556.9103,142689.4981,143779.5781,383099
2024-01-31,145087.6452,150974.0008,144433.6125,150537.9688,448930
2024-02-01,147812.8033,151846.0378,143343.5368,144542.6094,399945
2024-02-02,144542.6101,146504.7234,142798.4975,144106.5781,298262
2024-02-05,143997.5818,144978.6385,141708.4443,142253.4844,224776
2024-02-06,141599.4252,144433.6025,138656.2553,143888.5625,312319
2024-02-07,146068.6896,147594.7862,143561.5517,144978.625,251000
2024-02-08,146722.734,150428.9598,146395.71,146940.75,374383
2024-02-13,149665.9094,150646.966,147594.7881,148139.8281,245644
2024-02-14,148139.8219,168960.057,146177.6933,159476.4844,1208168
2024-02-15,159694.5021,160784.5667,157514.3729,158604.4375,362163
2024-02-16,158059.4219,159912.5272,153699.1632,154026.1719,360796
2024-02-19,154898.2139,166234.892,154680.2132,165580.8594,739424
2024-02-20,166125.8798,174410.3799,164926.8072,167760.9844,1156465
2024-02-21,169178.0796,173320.3221,164163.7731,168306.0156,529516
2024-02-22,171031.1774,173647.3386,167651.9757,172230.25,634880
2024-02-23,172775.291,172884.299,164381.7976,167979.0156,616763
2024-02-26,170050.1342,183239.9182,169832.1182,181168.7969,1471689
2024-02-27,182149.8493,206349.2874,182040.8413,195230.625,3708595
2024-02-28,196320.6881,213543.7216,196320.6881,212017.625,2609418
2024-02-29,213652.7289,221283.1813,202970.0833,204387.1719,1451711
2024-03-04,207112.3335,210382.5429,201880.0262,204496.1875,710512
2024-03-05,202861.0799,209183.4672,200571.9426,201989.0313,601541
2024-03-06,202207.0463,224008.3393,202207.0463,222373.25,2067459
2024-03-07,225643.4367,228913.6305,213434.7099,218012.9844,917041
2024-03-08,221283.1782,224008.3321,214960.7912,218012.9844,525852
2024-03-11,216922.9189,220193.1127,209619.4753,210382.5313,576180
2024-03-12,210055.5158,211363.5965,199481.8779,201989.0313,858401
2024-03-13,202534.0601,204932.19,195339.6246,199590.875,761096
2024-03-14,201443.9888,205586.2311,198173.7952,199045.8438,683519
2024-03-15,200135.9214,203842.1319,196102.6715,196320.6875,449795
2024-03-18,198282.802,201444.0032,196865.7287,199699.8906,460883
2024-03-19,206240.2863,210273.5364,203624.1403,207657.375,999008
2024-03-20,210600.5351,212562.6637,205695.252,208638.4219,531340
2024-03-21,210164.5059,211908.6031,207221.3209,211145.5625,352598
2024-03-22,213543.7138,236544.0783,213325.6978,220193.1094,1753048
2024-03-25,226188.4616,233818.9139,219648.0739,221828.2031,801167
2024-03-26,226188.4588,238724.2094,225643.4342,235454.0156,1058098
2024-03-27,243084.4688,245264.598,233273.8873,243084.4688,752076
2024-03-28,239269.2599,239814.2846,225098.4041,226188.4688,713041
2024-03-29,227278.524,232728.8471,221828.201,222918.2656,410171
2024-04-01,225643.4333,231093.7563,222918.2641,227823.5625,288717
2024-04-02,230548.7262,267065.9148,218558.0151,262705.6563,2828472
2024-04-03,262705.6524,263250.677,235454.0213,248534.7969,1897735
2024-04-04,245264.6016,259980.4664,240359.3185,257255.3125,985966
2024-04-05,245809.6364,255620.2178,228913.6274,231638.7813,1232029
2024-04-08,231093.7656,240904.3474,228913.6363,231093.7656,609930
2024-04-09,228368.5871,233818.9101,224008.3287,227823.5625,511339
2024-04-11,225643.4383,235999.0445,225643.4383,233273.8906,473872
2024-04-12,235454.0135,241994.4011,232728.8444,236544.0781,424217
2024-04-15,240904.3355,242539.44,228913.625,228913.625,448477
2024-04-16,230003.7031,240359.325,225643.4445,230003.7031,768930
2024-04-17,231638.7888,244719.5798,226188.4656,239814.2813,736056
2024-04-18,241449.3733,246899.6962,238179.1642,246354.6563,447031
2024-04-19,250169.9043,262160.6,246354.6704,255075.1875,1675747
2024-04-22,257800.3401,258890.42,238724.2166,239814.2813,634628
2024-04-23,244174.5433,257800.3438,243084.4786,257800.3438,840185
2024-04-24,256165.2291,268155.939,252350.0108,263250.6563,791889
2024-04-25,261070.5516,266520.8595,256165.253,262705.6563,539152
2024-04-26,264885.7824,271971.1948,252895.0561,256165.25,627720
2024-04-29,256165.2565,257255.3211,248534.8039,252895.0625,415218
2024-04-30,252350.0263,253440.0909,230548.7188,230548.7188,1094580
2024-05-02,231093.7558,245264.5955,228913.6266,240359.3125,714085
2024-05-03,242539.4522,244174.5415,234363.9597,234908.9844,301761
2024-05-07,236544.0826,238724.2118,230548.7196,238179.1719,320496
2024-05-08,238179.1719,238724.2118,232183.8242,238179.1719,263466
2024-05-09,238724.2137,238724.2137,232183.826,233273.8906,267583
2024-05-10,237089.1007,242539.4389,237089.1007,237634.1406,287733
2024-05-13,237634.1413,243084.4642,235454.0121,241449.375,216095
2024-05-14,241449.3765,241449.3765,235454.0135,236544.0781,204391
2024-05-16,238724.2116,240904.3408,233273.8885,234363.9531,292650
2024-05-17,234363.9523,236544.0815,226188.46,226733.5,269970
2024-05-20,226188.4624,231093.7608,218558.01,229458.6563,343647
2024-05-21,229458.6627,231093.7673,224553.3794,226188.4688,205995
2024-05-22,226188.4591,228368.5883,219103.0469,219103.0469,328346
2024-05-23,219103.0535,221828.2074,211472.601,219648.0781,289988
2024-05-24,216159.8708,224553.3793,213107.6928,222373.25,289793
2024-05-27,222918.2752,231093.7678,222918.2752,230003.7031,299733
2024-05-28,234908.9765,245264.598,230003.6935,243084.4688,572259
2024-05-29,243629.5035,245809.6327,234908.9715,237634.1406,433546
2024-05-30,237089.1151,240359.3244,221828.21,222373.25,411139
2024-05-31,227278.5311,229458.6604,222373.2479,223463.3125,372526
2024-06-03,232183.8227,265430.8009,228368.5889,243084.4688,2856438
2024-06-04,239814.285,241449.3896,228368.5985,230003.7031,815098
2024-06-05,229458.6649,231638.7942,224553.3816,225098.4063,384309
2024-06-07,229458.6584,233818.9169,227823.5691,228368.5938,351972
2024-06-10,226188.4629,233818.9153,225098.3983,233273.8906,263545
2024-06-11,235454.0125,237089.1017,227823.5604,228913.625,252875
2024-06-12,229458.661,232183.8303,227823.5717,231093.7656,250862
2024-06-13,232728.8433,246354.6583,230548.7141,245264.5938,782776
2024-06-14,245809.6498,255620.2317,241994.4158,249079.8438,638139
2024-06-17,252895.0411,263250.6622,248534.7828,259980.4531,619142
2024-06-18,260525.5375,260525.5375,250714.94,253440.1094,410347
2024-06-19,255620.2083,279056.5887,253985.1038,273606.2813,1529722
2024-06-20,276331.425,278511.5541,263795.6754,270336.0625,673716
2024-06-21,270881.1433,276876.4757,255075.1833,257255.3125,612346
2024-06-24,257800.3371,263250.6756,256165.2479,257255.3125,243478
2024-06-25,259435.4575,261615.5869,251805.0047,253440.1094,293414
2024-06-26,252895.0602,253985.1249,246899.7123,250169.9063,244996
2024-06-27,247989.7729,257800.3393,247444.7329,256165.25,355876
2024-06-28,257800.3323,272516.2121,251804.9847,271971.1875,714783
2024-07-01,269791.0394,274151.2975,264340.7014,265430.7813,351084
2024-07-02,266520.8563,267610.9363,250714.9268,256165.25,474966
2024-07-03,257255.319,259435.4483,250714.931,253985.125,263739
2024-07-04,253985.1064,265430.792,252350.0172,263795.6875,298815
2024-07-05,263795.6809,265975.8099,258345.3735,263250.6563,216721
2024-07-08,263250.6666,275786.417,262705.642,274151.3125,491191
2024-07-09,274151.3191,277421.5283,267610.9314,274696.3438,343746
2024-07-10,280691.7369,298132.7726,278511.6074,279601.6875,1105930
2024-07-11,281781.817,287777.15,277966.5827,279601.6875,424615
2024-07-12,283416.8816,284506.9616,273606.3147,276331.4688,307116
2024-07-15,288322.1941,295952.6315,281781.806,288867.2188,816570
2024-07-16,292137.3953,307398.3315,291047.346,293772.5,898921
2024-07-17,298677.7638,310668.4898,295952.61,299767.8438,713143
2024-07-18,297587.7297,314483.7396,293772.4957,295952.625,1056834
2024-07-19,294862.5849,309033.4106,287232.1167,306853.2813,580731
2024-07-22,309033.3852,313938.699,298132.7392,299767.8438,521238
2024-07-23,298677.7695,313938.705,294317.511,312848.625,562601
2024-07-24,311758.5749,335194.972,310123.4702,325384.375,863689
2024-07-25,326474.4189,340645.2741,316118.8281,319934.0313,1118884
2024-07-26,324839.3504,329744.6335,316118.8334,325384.375,535785
2024-07-29,331924.7441,353181.0108,323749.2522,351545.9063,750230
2024-07-30,352090.9392,359721.4067,337920.1149,347185.6563,951544
2024-07-31,340100.271,352636.0224,311213.5341,313938.7188,1352650
2024-08-01,316118.8384,333559.8727,312848.6291,330834.7188,911257
2024-08-02,325929.3961,333559.8638,315028.75,315028.75,689983
2024-08-05,310668.5078,319389.0252,269246.0503,291047.3438,1159157
2024-08-06,297042.6974,304128.1099,285596.9957,287777.125,1208091
2024-08-07,288867.2193,310123.4885,286687.09,304128.125,838984
2024-08-08,304673.1267,321569.1358,295407.5853,319934.0313,792535
2024-08-09,327564.5095,336285.0266,325929.4049,330834.7188,527479
2024-08-12,332469.795,337375.1089,326474.4318,333559.875,373859
2024-08-13,334104.8954,346095.6217,329744.6368,335740.0,476305
2024-08-14,340100.2585,340645.2832,331924.7661,335740.0,290418
2024-08-16,339010.1689,340100.2488,332469.7813,332469.7813,294442
2024-08-19,333559.8563,342825.3976,325929.3888,327019.4688,355154
2024-08-20,327019.4874,327564.5121,309578.453,313393.6563,666447
2024-08-21,312303.598,312848.6226,300857.9271,310123.4688,517786
2024-08-22,311758.5796,313393.6536,300312.8779,303038.0625,314151
2024-08-23,299767.8504,310668.4967,299767.8504,300312.875,306703
2024-08-26,302493.0,303038.0553,294317.5077,302493.0,297276
2024-08-27,303583.0746,312303.5913,295952.607,309578.4375,420913
2024-08-28,313938.7144,323204.2564,308488.3758,316118.8438,809418
2024-08-29,316118.8438,316118.8438,316118.8438,316118.8438,0
2024-08-30,316118.8438,316118.8438,316118.8438,316118.8438,0
2024-09-02,316118.8438,316118.8438,316118.8438,316118.8438,0
2024-09-03,316118.8438,316118.8438,316118.8438,316118.8438,0
2024-09-04,316118.8438,316118.8438,316118.8438,316118.8438,0
2024-09-05,316118.8438,316118.8438,316118.8438,316118.8438,0
2024-09-06,316118.8438,316118.8438,316118.8438,316118.8438,0
2024-09-09,316118.8438,316118.8438,316118.8438,316118.8438,0
2024-09-10,316118.8438,316118.8438,316118.8438,316118.8438,0
2024-09-11,316118.8438,316118.8438,316118.8438,316118.8438,0
2024-09-12,316118.8438,316118.8438,316118.8438,316118.8438,0
2024-09-13,316118.8438,316118.8438,316118.8438,316118.8438,0
2024-09-19,274331.7813,274331.7813,274331.7813,274331.7813,0
2024-09-20,274331.7813,274331.7813,274331.7813,274331.7813,0
2024-09-23,274331.7813,274331.7813,274331.7813,274331.7813,0
2024-09-24,274331.7813,274331.7813,274331.7813,274331.7813,0
2024-09-25,274331.7813,274331.7813,274331.7813,274331.7813,0
2024-09-26,274331.7813,274331.7813,274331.7813,274331.7813,0
2024-09-27,294409.0103,315017.641,294409.0103,311092.1875,1553930
2024-09-30,311092.1727,311582.8543,291464.9063,291464.9063,582683
2024-10-02,298334.4701,303731.9688,292446.2898,303731.9688,652691
2024-10-04,311582.8583,335135.5783,309129.45,331210.125,1073947
2024-10-07,334154.2219,354762.8523,333663.5402,344949.2188,821448
2024-10-08,344949.2141,357706.9375,342495.8057,357706.9375,605738
2024-10-10,361632.3835,361632.3835,343477.1621,343967.8438,565368
2024-10-11,347402.6229,352800.1213,344458.5329,349856.0313,238732
2024-10-14,356234.893,357216.2563,344458.5329,349856.0313,226770
2024-10-15,353290.7888,368011.2383,346421.2457,367029.875,442618
2024-10-16,367520.5622,385185.1019,362123.064,375371.4688,466193
2024-10-17,378315.5564,387638.5079,374390.1032,385675.7813,448701
2024-10-18,383222.3712,385185.0978,371446.0115,380278.2813,384279
2024-10-21,382731.7136,384694.4404,373408.7616,374390.125,259612
2024-10-22,376352.8358,378806.2442,364085.7943,378315.5625,353200
2024-10-23,377824.8592,380768.9491,362613.7286,366048.5,305860
2024-10-24,361141.6952,372427.3732,361141.6952,367029.875,280462
2024-10-25,368011.2537,377824.8872,361632.392,370955.3438,280034
2024-10-28,372427.3829,378806.2445,369973.9746,370464.6563,181781
2024-10-29,370464.6658,380768.981,370464.6658,373899.4375,229141
2024-10-30,375371.4809,377334.2076,365557.8475,368501.9375,208604
2024-10-31,366539.2173,373408.7608,354762.8569,361141.7188,409138
2024-11-01,361141.6856,377824.8613,346911.9181,371446.0,481531
2024-11-04,371936.7038,374880.7938,358197.6171,360160.3438,358448
2024-11-05,357706.9081,362123.0428,351818.7286,355253.5,235817
2024-11-06,357216.2435,387638.506,351818.7454,380278.2813,827905
2024-11-07,387638.506,397942.8208,382241.0079,380278.2813,702700
2024-11-08,397452.1387,399414.8653,387638.5057,395980.0938,338133
2024-11-11,398433.4922,410209.8516,392545.3125,408247.125,337001
2024-11-12,410209.8851,417079.4287,403340.3416,405793.75,411171
2024-11-13,405793.7409,411191.2393,391073.2908,394508.0625,298962
2024-11-14,395980.0938,406775.0901,394998.7304,395980.0938,326121
2024-11-15,400396.207,413644.6109,396470.754,399414.8438,262700
2024-11-18,399414.8939,399414.8939,383222.3982,385185.125,264313
2024-11-19,385185.1161,388129.2061,370464.6658,373899.4375,311192
2024-11-20,374880.7891,379296.9241,363104.4293,372918.0625,285460
2024-11-21,366539.2081,371936.7064,342005.1245,349856.0313,477846
2024-11-22,354272.1538,372918.0567,353290.7905,372427.375,475673
2024-11-25,369973.9775,370955.3409,342986.4858,352309.4375,799494
2024-11-26,348874.64,348874.64,312564.1992,313545.5625,925407
2024-11-27,313054.9157,322868.5494,312564.234,316489.6875,368911
2024-11-28,316489.6853,325321.9556,307166.7334,318943.0938,347514
2024-11-29,321887.1624,333172.8404,306676.0313,306676.0313,496191
2024-12-02,308638.7634,317471.0333,307166.7185,315017.625,306671
2024-12-03,323359.1993,335135.5586,320905.7911,332191.4688,335117
2024-12-04,322377.8264,336116.9118,322377.8264,328756.6875,479672
2024-12-05,328756.7162,329738.0795,298334.4529,302259.9063,837652
2024-12-06,308638.7767,311582.8668,280669.9209,292446.2813,938645
2024-12-09,278216.5101,282632.6452,271837.6483,273800.375,729078
2024-12-10,273800.3592,286558.082,264968.0896,285576.7188,756944
2024-12-11,285576.7377,298825.1431,281651.2843,292446.2813,319668
2024-12-12,294409.0088,308638.7776,289992.8737,305694.6875,552672
2024-12-13,310110.8007,317961.707,304222.6209,316980.3438,396002
2024-12-16,326303.291,326793.9727,307166.707,314036.25,423292
2024-12-17,310601.4967,314526.9501,298334.455,299806.5,391304
2024-12-18,299315.8183,305694.68,296862.41,299806.5,221485
2024-12-19,291955.5724,309129.4296,291955.5724,303241.25,290631
2024-12-20,303241.2658,303731.9474,297353.0859,299315.8125,221140
2024-12-23,300787.853,322377.8458,300787.853,319924.4375,336668
2024-12-24,322868.5037,323849.8669,314526.9162,317961.6875,179574
2024-12-26,317961.7129,320905.8028,310601.4881,317471.0313,186277
2024-12-27,318913.2289,324864.9532,315441.3897,316433.3438,196212
2024-12-30,314449.4364,327344.8392,314449.4364,323873.0,204610
2025-01-02,327840.799,361071.2583,327840.799,360575.2813,544064
2025-01-03,359087.3438,365039.0677,352639.6428,359087.3438,260600
2025-01-06,359583.3483,372974.7281,357599.4401,363055.1875,300540
2025-01-07,366527.0282,381406.3392,364047.143,377934.5,337262
2025-01-08,375950.59,383390.2455,369998.8656,379918.4063,292046
2025-01-09,375950.5667,388845.9688,360079.3027,388845.9688,457502
2025-01-10,385374.1339,387358.0419,371982.7547,375454.5938,343171
2025-01-13,377934.4793,395293.6745,377934.4793,392317.8125,420373
2025-01-14,388845.9735,398765.5136,388349.9964,392317.8125,191711
2025-01-15,396285.6369,397277.5909,390333.9127,391821.8438,171811
2025-01-16,395789.645,396285.622,383886.197,390829.875,214039
2025-01-17,388845.9693,389341.9463,374958.6132,379422.4063,308909
2025-01-20,389837.9441,389837.9441,371486.7941,374462.6563,228676
2025-01-21,374958.6224,388845.9788,374958.6224,386366.0938,281748
2025-01-22,388845.9871,396285.6425,383390.2399,385870.125,234670
2025-01-23,387358.0533,390829.8924,378430.4669,380414.375,128950
2025-01-24,380414.3802,410668.9789,380414.3802,408189.0938,483792
2025-01-31,411164.9589,411660.9359,393805.7628,396781.625,419665
2025-02-03,388845.9917,396285.6472,381406.3363,389341.9688,237337
2025-02-04,391821.8412,410668.9677,391821.8412,403229.3125,277489
2025-02-05,405709.2012,407197.1323,396285.6379,399261.5,181769
2025-02-06,401245.3923,420588.4952,389837.9213,417116.6563,455172
2025-02-07,418108.6203,435467.8157,408685.0571,414636.7813,508231
2025-02-10,420092.5169,422076.4249,407693.092,409677.0,294509
2025-02-11,450347.1176,494489.0708,438939.6466,493993.0938,2598237
2025-02-12,498952.8753,519783.9099,495977.0132,515816.0938,1067534
2025-02-13,504904.603,521767.8216,491017.2465,511848.2813,702706
2025-02-14,511848.2814,534663.2242,498952.879,528711.5,649548
2025-02-17,528711.5208,585252.9029,523751.7504,572357.5,1021560
2025-02-18,595172.4145,653697.7019,594180.4604,637826.4375,1245770
2025-02-19,633858.625,636834.4871,614019.5444,633858.625,527197
2025-02-20,621955.2017,658657.5023,603108.0744,639810.375,890044
2025-02-21,629890.8357,662625.3201,610051.7543,654689.6875,562770
2025-02-24,652705.7429,668577.0071,646754.0188,660641.375,386667
2025-02-25,652705.761,689408.0607,651713.807,674528.75,448687
2025-02-26,683456.3439,695359.7926,657665.5385,666593.125,351498
2025-02-27,657665.5444,670560.9472,627906.9225,643778.1875,486498
2025-02-28,637826.4344,645762.0666,587236.7795,589220.6875,763278
2025-03-04,627906.8784,695359.75,621955.1544,695359.75,1257407
2025-03-05,682464.3842,703295.4192,664609.2113,689408.0625,778132
2025-03-06,708255.1565,708255.1565,665601.1345,672544.8125,582714
2025-03-07,674528.7209,734045.961,658657.4569,725118.375,952069
2025-03-10,726110.3718,739005.7746,688416.1175,696351.75,577521
2025-03-11,669568.9505,686432.1685,669568.9505,672544.8125,408683
2025-03-12,677504.6102,698335.6451,639810.3567,659649.4375,725675
2025-03-13,665601.1549,708255.1782,665601.1549,701311.5,631379
2025-03-14,694367.7926,708255.1484,690399.9766,699327.5625,294939
2025-03-17,708255.1683,750909.1911,703295.3982,746941.375,666106
2025-03-18,757852.875,774716.0934,739997.7026,757852.875,468996
2025-03-19,764796.5605,767772.4226,739997.7097,749917.25,390302
2025-03-20,743965.5255,747933.3416,714206.9044,716190.8125,424628
2025-03-21,621955.171,649729.8836,603108.0446,622947.125,1813669
2025-03-24,631874.7452,678496.5867,630882.7911,669569.0,726087
2025-03-25,682464.3746,686432.1907,644770.1214,648737.9375,349469
2025-03-26,649729.8646,669568.9444,626914.9228,661633.3125,337299
2025-03-27,667585.04,673536.764,654689.638,657665.5,215109
2025-03-28,669568.9955,671552.9037,623939.1084,624931.0625,304634
2025-03-31,600132.1985,632866.682,598148.2904,621955.1875,305291
2025-04-01,637826.4416,676512.6488,634850.5795,667585.0625,343029
2025-04-02,679488.4879,688416.0739,654689.638,657665.5,297917
2025-04-03,646754.0075,704287.3395,644770.0995,691391.9375,427177
2025-04-04,699327.6122,714206.9231,669568.9904,696351.75,422746
2025-04-07,677504.616,678496.5701,630882.7757,636834.5,412797
2025-04-08,680480.4887,699327.616,664609.2237,692383.9375,558169
2025-04-09,711231.0554,711231.0554,667585.0771,685440.25,411172
2025-04-10,721150.5973,734046.0,701311.5162,734046.0,410554
2025-04-11,724126.4401,774716.0956,721150.5781,772732.1875,379557
2025-04-14,791579.2865,797531.0104,773724.1146,785627.5625,270675
2025-04-15,789595.4134,790587.3675,751901.16,764796.5625,253411
2025-04-16,764796.532,791579.29,755868.9461,781659.75,257199
2025-04-17,783643.6949,809434.5,774716.1085,809434.5,325239
2025-04-18,807450.5811,855064.3745,801498.8569,821337.9375,351310
2025-04-21,843160.8923,843160.8923,806458.5947,823321.8125,198259
2025-04-22,822329.8585,836217.2144,816378.1346,823321.8125,151172
2025-04-23,830265.5047,833241.3667,798522.9764,807450.5625,191206
2025-04-24,810426.4468,826297.7113,798522.9983,817370.125,164949
2025-04-25,821337.9411,825305.7573,803482.7685,817370.125,242091
2025-04-28,818362.0919,838201.1729,800506.919,820346.0,331266
2025-04-29,815386.2149,815386.2149,788603.456,802490.8125,270124
2025-04-30,804474.7316,825305.7666,744957.4889,790587.375,509064
2025-05-02,790587.3409,815386.191,781659.7549,811418.375,268277
2025-05-07,825305.7303,882839.0625,820345.9603,882839.0625,468435
2025-05-08,879863.2538,891766.7025,854072.4481,875895.4375,324345
2025-05-09,880855.1651,890774.7053,865975.8549,870935.625,368386
2025-05-12,868951.7387,869943.6928,807450.5883,813402.3125,285226
2025-05-13,779191.0197,807578.635,763528.8722,787022.0625,365779
2025-05-14,795832.0795,816388.591,789958.7816,802684.25,279650
2025-05-15,806599.8073,810515.2979,793874.2768,804642.0,167131
2025-05-16,805620.8566,827156.3025,805620.8566,823240.75,162494
2025-05-19,814430.8296,835966.2754,807578.6592,821283.0,110989
2025-05-20,829114.0467,831071.854,791916.5147,797789.8125,183787
2025-05-21,802684.2602,835966.3026,801705.3876,832050.75,244255
2025-05-22,830265.5035,836217.2276,815386.1934,826297.6875,152390
2025-05-23,826297.6745,829273.5364,806458.5947,823321.8125,136055
2025-05-26,792571.2513,826297.6875,791579.2973,826297.6875,169509
2025-05-27,835225.3174,881847.1581,827289.6849,879863.25,369030
2025-05-28,876887.3594,885814.9456,820345.9799,825305.75,320783
2025-05-29,841177.0385,864983.9358,826297.7277,850104.625,234459
2025-05-30,844152.8472,845144.8012,804474.6875,804474.6875,436671
2025-06-02,815386.2225,832249.4412,814394.2684,828281.625,156208
2025-06-04,831257.447,838201.125,804474.6892,838201.125,213653
2025-06-05,841176.9967,917557.4551,837209.1807,897718.375,512018
2025-06-09,883831.057,887798.8732,855064.3896,872919.5625,284593
2025-06-10,896726.4701,942356.3568,875895.4348,928469.0,337596
2025-06-11,928468.9492,934420.6732,893750.559,897718.375,414770
2025-06-12,911605.7506,950291.9576,898710.3482,945332.1875,442140
2025-06-13,936404.6085,974098.8618,920533.3439,937396.5625,493711
2025-06-16,955251.7591,979058.6565,930452.9076,962195.4375,326298
2025-06-17,946324.125,956243.6651,932436.7689,946324.125,270383
2025-06-18,956243.6737,961203.4438,919541.375,919541.375,257813
2025-06-19,918549.4303,930452.8786,903670.1198,926485.0625,198303
2025-06-20,916565.5187,957235.6337,909621.8405,930452.875,419837
2025-06-23,939380.4627,945332.1869,910613.796,911605.75,243428
2025-06-24,897718.4155,905654.0479,864983.9318,887798.875,281041
2025-06-25,889782.739,892758.6011,849112.625,849112.625,313167
2025-06-26,863991.9469,877879.3031,834233.3265,870935.625,322082
2025-06-27,890774.6945,918549.4066,870935.6145,882839.0625,334673
2025-06-30,869943.6663,869943.6663,841177.0,841177.0,260471
2025-07-01,846136.794,860024.1506,829273.5754,832249.4375,185116
2025-07-02,826297.7318,831257.5021,778683.937,812410.375,326459
2025-07-03,839193.1042,854072.4146,806458.6214,810426.4375,274396
2025-07-04,803482.7624,811418.3946,768764.3714,772732.1875,297249
2025-07-07,755868.9764,807450.5863,753885.0683,798523.0,273998
2025-07-08,813402.3328,820346.0113,789595.4353,808442.5625,265811
2025-07-09,835225.3051,851096.5699,831257.489,843160.9375,273305
2025-07-10,844152.9044,851096.5828,829273.5935,846136.8125,298241
2025-07-11,840185.0522,840185.0522,795547.1214,799514.9375,255773
2025-07-14,801498.829,812410.323,784635.6111,800506.875,183007
2025-07-15,795547.1156,841177.0,795547.1156,841177.0,235902
2025-07-16,833241.3934,847128.75,823321.853,847128.75,165528
2025-07-17,848120.6972,904662.077,840185.0649,888790.8125,463424
2025-07-18,897718.3988,902678.1689,877879.3182,888790.8125,176796
2025-07-21,883831.0373,918549.4282,873911.497,911605.75,224163
2025-07-22,908629.9008,915573.579,897718.4063,914581.625,207213
2025-07-23,916565.5442,923509.2226,890774.7389,902678.1875,213391
2025-07-24,903670.1289,938388.5202,901686.2208,933428.75,263357
2025-07-25,925493.1141,943348.2867,925493.1141,937396.5625,126974
2025-07-28,939380.4633,951283.9117,927477.015,945332.1875,122549
2025-07-29,943348.2854,989970.125,939380.4693,989970.125,324999
2025-07-30,989970.0966,989970.0966,955251.7064,969139.0625,292494
2025-07-31,964179.2914,1026672.394,943348.2573,987986.1875,602496
2025-08-01,979058.6048,981042.5128,902678.1463,931444.8125,419450
2025-08-04,922517.2428,937396.5532,914581.6106,930452.875,118975
2025-08-05,934420.6861,965171.2607,924501.1459,953267.8125,187035
2025-08-06,944340.265,945332.219,917557.5053,928469.0,184646
2025-08-07,931444.803,934420.665,915573.539,924501.125,155826
2025-08-08,898710.3507,902678.1669,867959.7758,873911.5,330808
2025-08-11,867959.7923,888790.8273,867959.7923,872919.5625,157243
2025-08-12,877879.3118,882839.082,842168.967,844152.875,307287
2025-08-13,847128.7286,875895.3951,802490.798,870935.625,394063
2025-08-14,872919.5753,887798.8863,867959.805,875895.4375,241011
2025-08-18,871927.6011,898710.3602,862008.0607,880855.1875,236731
2025-08-19,878871.289,880855.1971,820346.0,820346.0,256827
2025-08-20,802490.8217,822329.9026,794555.1893,809434.5,322736
2025-08-21,827289.6875,841177.0444,820346.0091,827289.6875,128018
2025-08-22,842168.9922,887798.8787,839193.1301,883831.0625,255134
2025-08-25,892758.6379,900694.2702,880855.1894,895734.5,127028
2025-08-26,888790.8089,896726.4411,872919.5444,892758.625,246639
2025-08-27,891766.6802,904662.0827,881847.1398,899702.3125,112708
2025-08-28,893750.5719,924501.1465,890774.7098,900694.25,146074
2025-08-29,909621.8585,912597.7206,876887.375,876887.375,183497
2025-09-01,887798.8407,919541.3691,885814.9327,908629.875,185557
2025-09-02,925493.125,935412.6655,908629.9062,925493.125,129384
2025-09-03,930452.8879,942356.3363,924501.1637,933428.75,152150
2025-09-04,924501.1415,938388.4977,918549.4174,923509.1875,147466
2025-09-05,930452.8596,938388.4917,902678.1474,912597.6875,193204
2025-09-08,916565.4921,944340.204,913589.6301,943348.25,176069
2025-09-09,946324.1488,947316.1028,929460.9302,937396.5625,164915
2025-09-10,937396.5735,970131.057,937396.5735,959219.5625,229210
2025-09-11,965171.2831,996913.8125,965171.2831,996913.8125,298028
2025-09-12,991954.0294,1002865.524,985010.3512,993937.9375,169241
2025-09-15,989970.136,999889.6765,972114.9632,978066.6875,143445
2025-09-16,986002.2865,1032624.125,986002.2865,1032624.125,226446
2025-09-17,1018736.763,1029648.257,1006833.315,1021712.625,202933
2025-09-18,1034608.064,1043535.651,990962.0865,1015760.938,209665
2025-09-22,1019728.724,1025680.448,992945.9658,1013777.0,137450
2025-09-23,996913.8291,1015760.956,990962.1047,995921.875,148757
2025-09-24,1011793.121,1054447.145,996913.8108,1049487.375,295040
2025-09-25,1053455.169,1085197.697,1034608.042,1039567.813,209497
2025-09-26,1043535.632,1061390.805,1016752.874,1035600.0,192038
2025-09-29,1049487.421,1056431.1,1035600.064,1050479.375,124076
2025-09-30,1050479.331,1117932.206,1048495.423,1098093.125,291287
2025-10-01,1091149.454,1104044.857,1072302.327,1090157.5,158652
2025-10-02,1094125.349,1109004.661,1070318.452,1088173.625,189175
2025-10-10,1060398.884,1070318.425,1018736.814,1033616.125,290169
2025-10-13,1031632.216,1036591.986,983026.4669,985010.375,183941
2025-10-14,986002.3218,1000881.633,916565.5386,925493.125,318501
2025-10-15,939380.4469,948308.033,915573.5507,946324.125,329226
2025-10-16,947316.1271,961203.484,923509.2297,928469.0,184356
2025-10-17,923509.1888,939380.4531,904662.0625,904662.0625,184363
2025-10-20,921525.2909,948308.0496,918549.4288,945332.1875,196306
2025-10-21,976082.7906,978066.6987,952275.8932,966163.25,247903
2025-10-22,986002.2854,1005841.366,983026.4233,998897.6875,256790
2025-10-23,999889.6358,1054447.106,991954.0038,1040559.75,284405
2025-10-24,1034608.059,1034608.059,993937.9431,1004849.438,189996
2025-10-27,1001873.583,1033616.112,996913.8126,1030640.25,222929
2025-10-28,1028656.302,1030640.21,984018.3715,987986.1875,183625
2025-10-29,1008817.272,1009809.226,972114.9723,985010.375,126098
2025-10-30,991954.0367,1005841.393,986002.3125,986002.3125,150339
2025-10-31,968147.1379,998897.713,968147.1379,971123.0,123048
2025-11-03,979058.652,1047503.482,979058.652,1033616.125,330523
2025-11-04,1029648.275,1029648.275,996913.7924,1001873.563,180841
2025-11-05,999889.6453,1000881.599,915573.5541,942356.3125,302267
2025-11-06,970131.07,989970.1512,950291.9888,962195.4375,142073
2025-11-07,942356.3211,954259.7694,894742.528,915573.5625,255527
2025-11-10,927477.0045,976082.7513,919541.3724,957235.625,150467
2025-11-11,967155.1968,972114.967,936404.6213,940372.4375,118730
2025-11-12,951283.921,971123.0017,943348.2887,952275.875,167363
2025-11-13,956243.6948,963187.3731,945332.2004,948308.0625,118138
2025-11-14,943348.3088,981042.563,930452.906,947316.125,211727
2025-11-17,957235.6435,972114.954,942356.333,971123.0,151162
2025-11-18,977074.7472,994929.9203,913589.6875,913589.6875,209914
2025-11-19,931444.8112,941364.3512,879863.2029,897718.375,309855
2025-11-20,902678.1509,936404.5873,899702.2889,908629.875,183622
2025-11-21,881847.1433,888790.8216,854072.4302,862008.0625,256581
2025-11-24,874903.4461,878871.2621,806458.6186,848120.6875,301258
2025-11-25,861016.0861,869943.6723,843160.9139,852088.5,121366
2025-11-26,866967.7995,879863.2016,856056.3055,863991.9375,125169
2025-11-27,893750.565,894742.519,855064.3585,856056.3125,198637
2025-11-28,859032.1686,859032.1686,829273.5484,845144.8125,195233
2025-12-01,835225.2918,836217.2458,798522.9928,806458.625,318566
2025-12-02,789595.412,820345.9871,784635.6418,817370.125,300231
2025-12-03,829273.5667,871927.5899,827289.6586,859032.1875,315675
2025-12-04,866967.8139,875895.4001,838201.1473,848120.6875,110369
2025-12-05,848120.713,887798.875,845144.8508,887798.875,192198
2025-12-08,899702.3162,935412.6618,891766.6839,929460.9375,231159
2025-12-09,933428.7483,955251.7371,930452.8862,952275.875,231353
2025-12-10,937396.551,947316.0912,911605.7464,915573.5625,155708
2025-12-11,924501.1502,927477.0122,892758.6214,896726.4375,242560
2025-12-12,917557.4678,954259.7665,909621.8357,953267.8125,268675
2025-12-15,935412.6407,935412.6407,845144.8249,900694.25,144644
2025-12-16,891766.646,896726.416,857048.256,867959.75,207445
2025-12-17,867959.7701,885814.9425,853080.4598,863000.0,94698
2025-12-18,863000.0015,877879.3118,831257.4727,844152.875,115140
2025-12-19,858040.2482,899702.318,858040.2482,876887.375,208385
2025-12-22,892758.6061,898710.3301,875895.388,878871.25,107353
2025-12-23,883831.0388,898710.3492,879863.2226,892758.625,88326
2025-12-24,892758.6133,895734.4754,862999.9929,870935.625,103248
2025-12-26,871927.5862,885814.9425,857048.2759,863000.0,102783
2025-12-29,901000.0,956000.0,891000.0,949000.0,339928
2025-12-30,963000.0,964000.0,918000.0,941000.0,187387
2026-01-02,953000.0,981000.0,938000.0,946000.0,144603
2026-01-05,969000.0,1015000.0,968000.0,1012000.0,327727
2026-01-06,997000.0,1030000.0,981000.0,1022000.0,279979
2026-01-07,1033000.0,1049000.0,988000.0,1010000.0,269662
2026-01-08,1051000.0,1114000.0,1025000.0,1090000.0,508382
2026-01-09,1101000.0,1219000.0,1099000.0,1214000.0,575132
2026-01-12,1256000.0,1257000.0,1186000.0,1212000.0,282589
2026-01-13,1229000.0,1296000.0,1212000.0,1282000.0,322326
2026-01-14,1279000.0,1281000.0,1249000.0,1269000.0,182382
2026-01-15,1312000.0,1329000.0,1269000.0,1294000.0,220568
2026-01-16,1308000.0,1319000.0,1279000.0,1299000.0,291401
2026-01-19,1316000.0,1339000.0,1292000.0,1330000.0,194888
2026-01-20,1345000.0,1398000.0,1294000.0,1309000.0,222510
2026-01-21,1312000.0,1328000.0,1281000.0,1315000.0,264111
2026-01-22,1292000.0,1313000.0,1270000.0,1289000.0,205157
2026-01-23,1281000.0,1289000.0,1234000.0,1255000.0,260134
2026-01-26,1268000.0,1292000.0,1258000.0,1262000.0,126918
2026-01-27,1295000.0,1295000.0,1230000.0,1230000.0,154527
2026-01-28,1280000.0,1299000.0,1251000.0,1288000.0,180905
2026-01-29,1301000.0,1329000.0,1268000.0,1300000.0,227097
2026-01-30,1340000.0,1348000.0,1271000.0,1300000.0,247057
2026-02-02,1320000.0,1348000.0,1207000.0,1239000.0,312729
2026-02-03,1280000.0,1315000.0,1268000.0,1299000.0,203785
2026-02-04,1315000.0,1333000.0,1287000.0,1324000.0,143922
2026-02-05,1290000.0,1300000.0,1208000.0,1227000.0,333625
2026-02-06,1159000.0,1192000.0,1110000.0,1181000.0,295504
2026-02-09,1246000.0,1260000.0,1173000.0,1193000.0,275049
2026-02-10,1220000.0,1249000.0,1112000.0,1146000.0,504416
2026-02-11,1153000.0,1163000.0,1125000.0,1130000.0,248096
2026-02-12,1139000.0,1140000.0,1120000.0,1131000.0,210941
2026-02-13,1119000.0,1128000.0,1097000.0,1105000.0,236946
2026-02-19,1199000.0,1199000.0,1131000.0,1149000.0,190403
2026-02-20,1224000.0,1258000.0,1192000.0,1242000.0,443593
2026-02-23,1241000.0,1251000.0,1215000.0,1236000.0,196612
2026-02-24,1243000.0,1246000.0,1201000.0,1241000.0,172787
2026-02-25,1240000.0,1241000.0,1205000.0,1212000.0,168169
2026-02-26,1207000.0,1207000.0,1182000.0,1194000.0,184947
2026-02-27,1227000.0,1241000.0,1195000.0,1195000.0,325910
2026-03-03,1330000.0,1492000.0,1304000.0,1432000.0,1295365
2026-03-04,1526000.0,1655000.0,1243000.0,1323000.0,1191514
2026-03-05,1361000.0,1486000.0,1322000.0,1381000.0,785586
2026-03-06,1414000.0,1540000.0,1368000.0,1481000.0,836707
2026-03-09,1516000.0,1550000.0,1361000.0,1434000.0,564231
2026-03-10,1365000.0,1484000.0,1353000.0,1455000.0,452836
2026-03-11,1459000.0,1496000.0,1390000.0,1410000.0,285240
2026-03-12,1430000.0,1474000.0,1424000.0,1465000.0,261688
2026-03-13,1462000.0,1489000.0,1409000.0,1488000.0,324291
2026-03-16,1478000.0,1522000.0,1457000.0,1476000.0,180940
2026-03-17,1470000.0,1470000.0,1388000.0,1396000.0,210274
2026-03-18,1415000.0,1415000.0,1362000.0,1390000.0,161859
2026-03-19,1416000.0,1417000.0,1361000.0,1375000.0,111115
2026-03-20,1347000.0,1360000.0,1306000.0,1320000.0,270214
2026-03-23,1300000.0,1314000.0,1232000.0,1278000.0,232870
2026-03-24,1310000.0,1348000.0,1291000.0,1335000.0,154321
2026-03-25,1362000.0,1400000.0,1332000.0,1400000.0,212913
2026-03-26,1425000.0,1425000.0,1351000.0,1369000.0,158124
2026-03-27,1349000.0,1349000.0,1287000.0,1369000.0,205178
2026-03-30,1276000.0,1327000.0,1256000.0,1308000.0,160318
2026-03-31,1263000.0,1289000.0,1217000.0,1249000.0,277570
2026-04-01,1323000.0,1364000.0,1283000.0,1331000.0,243803
2026-04-02,1415000.0,1478000.0,1383000.0,1417000.0,437390
2026-04-03,1418000.0,1480000.0,1399000.0,1449000.0,193653
2026-04-06,1449000.0,1474000.0,1410000.0,1450000.0,128832
2026-04-07,1426000.0,1545000.0,1426000.0,1537000.0,273390
2026-04-08,1507000.0,1512000.0,1450000.0,1484000.0,287112
2026-04-09,1485000.0,1495000.0,1423000.0,1451000.0,224072
2026-04-10,1465000.0,1517000.0,1456000.0,1507000.0,190431
2026-04-13,1526000.0,1559000.0,1495000.0,1530000.0,259390
2026-04-14,1515000.0,1531000.0,1484000.0,1523000.0,168602
