date,N1,N2,N3,N4,N5
2022-06-10,1,13,0,18,1
2022-06-13,4,17,0,22,1
2022-06-14,10,11,0,27,3
2022-06-15,3,8,1,29,4
2022-06-16,2,4,0,28,8
2022-06-17,3,2,0,24,0
2022-06-20,3,7,0,26,3
2022-06-21,5,4,0,26,6
2022-06-22,2,5,0,24,2
2022-06-23,5,11,0,30,3
2022-06-24,3,8,0,28,1
2022-06-27,5,5,0,25,13
2022-06-28,2,6,0,25,4
2022-06-29,1,14,0,21,2
2022-06-30,0,5,0,27,3
2022-07-01,2,3,0,16,3
2022-07-04,1,2,0,23,3
2022-07-05,0,7,0,24,2
2022-07-06,6,17,0,30,6
2022-07-07,6,6,0,29,3
2022-07-08,0,9,0,28,1
2022-07-11,2,7,0,25,1
2022-07-12,11,17,0,26,1
2022-07-13,10,6,0,30,1
2022-07-14,10,12,0,30,2
2022-07-15,8,21,0,24,4
2022-07-18,15,12,0,30,5
2022-07-19,5,5,0,24,0
2022-07-20,15,12,0,27,5
2022-07-21,6,3,0,20,1
2022-07-22,2,9,1,29,2
2022-07-25,4,5,1,22,0
2022-07-26,0,3,0,21,2
2022-07-27,2,17,0,25,2
2022-07-28,1,3,0,30,3
2022-07-29,0,4,0,27,0
2022-08-01,0,4,0,20,4
2022-08-02,2,9,0,13,4
2022-08-03,1,6,1,24,2
2022-08-04,1,1,0,23,6
2022-08-05,5,3,0,18,3
2022-08-08,0,7,17,30,2
2022-08-09,3,8,0,20,2
2022-08-10,2,10,0,22,1
2022-08-11,2,2,1,29,5
2022-08-12,3,4,0,19,0
2022-08-15,0,0,0,17,2
2022-08-16,0,8,0,23,4
2022-08-17,1,5,0,17,7
2022-08-18,0,15,0,25,3
2022-08-19,3,12,0,28,1
2022-08-22,6,14,0,27,9
2022-08-23,4,22,0,27,3
2022-08-24,1,17,0,22,2
2022-08-25,3,16,0,30,2
2022-08-26,0,10,0,30,1
2022-08-29,3,17,0,21,2
2022-08-30,2,16,0,22,1
2022-08-31,0,13,0,21,2
2022-09-01,9,9,0,18,11
2022-09-02,4,9,0,18,9
2022-09-05,3,11,0,23,0
2022-09-06,1,18,0,14,3
2022-09-07,3,18,0,17,8
2022-09-08,2,18,0,22,0
2022-09-09,0,3,1,19,0
2022-09-12,2,4,0,20,6
2022-09-13,2,7,0,21,12
2022-09-14,1,15,0,27,2
2022-09-15,2,7,0,27,3
2022-09-16,0,15,0,23,5
2022-09-19,3,13,0,22,0
2022-09-20,1,7,0,27,0
2022-09-21,1,14,0,29,3
2022-09-22,6,15,0,30,2
2022-09-23,9,10,0,26,2
2022-09-26,4,22,0,23,2
2022-09-27,1,21,0,21,0
2022-09-28,2,15,0,20,5
2022-09-29,2,10,0,21,2
2022-09-30,0,7,0,24,7
2022-10-03,5,5,0,20,1
2022-10-04,10,9,0,24,8
2022-10-05,12,8,0,24,11
2022-10-06,7,13,0,27,3
2022-10-07,3,15,0,22,11
2022-10-10,1,11,0,21,10
2022-10-11,1,20,0,23,10
2022-10-12,2,13,0,24,12
2022-10-13,3,4,0,29,8
2022-10-14,1,11,0,24,7
2022-10-17,2,13,0,26,4
2022-10-18,8,6,0,17,0
2022-10-19,7,8,0,24,2
2022-10-20,5,13,0,25,3
2022-10-21,5,8,0,20,6
2022-10-24,2,1,0,19,5
2022-10-25,8,2,0,22,9
2022-10-26,0,9,0,23,4
2022-10-27,6,14,0,30,10
2022-10-28,2,5,0,25,6
2022-10-31,3,3,0,21,1
2022-11-01,2,6,0,23,11
2022-11-02,9,8,0,22,9
2022-11-03,6,12,0,30,3
2022-11-04,5,11,0,22,1
2022-11-07,3,2,0,22,1
2022-11-08,1,4,0,23,12
2022-11-09,2,4,0,24,7
2022-11-10,0,5,0,20,5
2022-11-11,1,2,0,21,6
2022-11-14,2,5,0,21,4
2022-11-15,0,3,0,23,7
2022-11-16,2,6,0,23,5
2022-11-17,4,12,0,26,2
2022-11-18,1,9,0,23,0
2022-11-21,2,19,0,23,7
2022-11-22,5,10,0,20,6
2022-11-23,8,4,0,19,5
2022-11-24,1,2,0,23,3
2022-11-25,9,1,0,25,0
2022-11-28,3,13,0,15,6
2022-11-29,4,3,0,23,1
2022-11-30,3,6,0,22,8
2022-12-01,0,4,0,23,9
2022-12-02,1,0,0,20,6
2022-12-05,5,5,0,20,3
2022-12-06,5,19,0,20,5
2022-12-07,4,6,0,19,1
2022-12-08,0,2,0,24,10
2022-12-09,0,2,0,19,6
2022-12-12,7,7,2,22,14
2022-12-13,4,2,0,23,11
2022-12-14,3,0,0,28,7
2022-12-15,5,2,0,24,1
2022-12-16,0,14,0,22,5
2022-12-19,0,6,0,21,3
2022-12-20,1,2,0,22,4
2022-12-21,3,4,0,17,4
2022-12-22,0,2,0,23,3
2022-12-23,1,3,0,18,2
2022-12-26,2,7,0,19,1
2022-12-27,3,3,0,20,3
2022-12-28,0,2,0,17,2
2022-12-29,2,3,0,16,2
2022-12-30,2,3,0,13,0
2023-01-02,3,8,0,22,3
2023-01-03,1,2,0,24,2
2023-01-04,3,16,0,17,6
2023-01-05,0,4,0,21,4
2023-01-06,0,3,0,20,1
2023-01-09,2,5,0,21,1
2023-01-10,2,2,0,21,10
2023-01-11,0,1,0,28,4
2023-01-12,0,0,0,21,10
2023-01-13,1,1,0,26,1
2023-01-16,2,4,0,21,7
2023-01-17,13,9,0,24,4
2023-01-18,21,5,0,15,11
2023-01-19,12,1,0,20,10
2023-01-20,13,4,0,24,3
2023-01-23,2,0,0,17,2
2023-01-24,9,0,0,22,3
2023-01-25,10,1,0,20,8
2023-01-26,3,1,0,23,11
2023-01-27,6,3,0,18,8
2023-01-30,12,4,0,26,9
2023-01-31,6,6,0,21,8
2023-02-01,3,1,0,22,10
2023-02-02,4,0,0,25,6
2023-02-03,3,11,0,23,8
2023-02-06,3,18,0,24,4
2023-02-07,1,7,0,20,5
2023-02-08,2,4,0,25,3
2023-02-09,0,7,0,22,0
2023-02-10,0,8,0,16,1
2023-02-13,3,16,0,16,10
2023-02-14,1,3,0,24,5
2023-02-15,1,8,0,28,10
2023-02-16,2,8,0,30,6
2023-02-17,0,15,0,28,3
2023-02-20,2,3,0,24,7
2023-02-21,2,7,0,30,10
2023-02-22,1,13,0,30,7
2023-02-23,0,8,0,29,8
2023-02-24,0,1,0,29,2
2023-02-27,1,15,0,25,8
2023-02-28,0,4,0,27,9
2023-03-01,1,0,0,26,10
2023-03-02,0,13,0,25,13
2023-03-03,0,0,0,26,9
2023-03-06,2,9,0,24,12
2023-03-07,4,9,0,23,6
2023-03-08,1,16,0,23,5
2023-03-09,0,12,0,23,10
2023-03-10,1,7,1,24,10
2023-03-13,13,0,0,30,12
2023-03-14,6,13,0,30,9
2023-03-15,0,0,0,25,5
2023-03-16,7,19,0,20,11
2023-03-17,0,0,0,24,7
2023-03-20,3,5,0,28,7
2023-03-21,0,2,0,19,9
2023-03-22,1,0,0,20,10
2023-03-23,2,3,0,28,7
2023-03-24,1,7,0,23,4
2023-03-27,4,7,0,21,5
2023-03-28,1,0,0,19,7
2023-03-29,1,3,1,23,8
2023-03-30,1,5,0,15,3
2023-03-31,0,5,0,20,11
2023-04-03,0,16,0,22,6
2023-04-04,4,2,0,21,4
2023-04-05,2,3,0,22,7
2023-04-06,1,8,0,24,7
2023-04-07,0,0,0,21,9
2023-04-10,3,5,0,20,3
2023-04-11,0,8,0,24,10
2023-04-12,2,3,0,25,7
2023-04-13,1,3,0,25,6
2023-04-14,0,1,1,20,4
2023-04-17,5,9,0,22,3
2023-04-18,5,10,1,21,1
2023-04-19,7,4,0,21,7
2023-04-20,4,8,0,23,4
2023-04-21,4,2,0,25,7
2023-04-24,1,3,0,20,5
2023-04-25,1,2,7,11,10
2023-04-26,2,6,1,15,12
2023-04-27,3,2,0,19,8
2023-04-28,5,3,1,24,10
2023-05-01,1,2,0,20,10
2023-05-02,1,7,0,22,13
2023-05-03,8,1,1,25,5
2023-05-04,3,2,0,27,5
2023-05-05,1,0,0,20,0
2023-05-08,5,4,0,18,7
2023-05-09,1,11,0,20,0
2023-05-10,1,5,0,26,8
2023-05-11,1,3,1,27,12
2023-05-12,2,11,8,18,7
2023-05-15,0,15,5,23,11
2023-05-16,3,10,0,28,7
2023-05-17,0,2,0,23,4
2023-05-18,0,1,0,23,0
2023-05-19,0,4,1,30,2
2023-05-22,0,2,0,23,9
2023-05-23,7,0,0,22,11
2023-05-24,8,7,0,24,2
2023-05-25,2,7,0,24,7
2023-05-26,3,5,0,20,2
2023-05-29,2,0,1,22,4
2023-05-30,6,7,0,25,10
2023-05-31,1,5,0,26,8
2023-06-01,2,1,0,26,11
2023-06-02,4,0,0,26,6
2023-06-05,2,14,0,23,10
2023-06-06,6,0,0,22,3
2023-06-07,7,4,0,22,4
2023-06-08,1,4,0,30,2
2023-06-09,3,2,0,23,2
2023-06-12,4,0,0,30,8
2023-06-13,1,5,0,27,13
2023-06-14,4,2,0,30,13
2023-06-15,14,6,0,29,9
2023-06-16,7,0,0,24,1
2023-06-19,4,12,0,22,1
2023-06-20,1,1,0,23,8
2023-06-21,2,4,0,27,6
2023-06-22,1,4,0,29,6
2023-06-23,0,8,0,30,1
2023-06-26,1,9,0,19,14
2023-06-27,0,6,0,19,5
2023-06-28,0,5,0,20,10
2023-06-29,3,9,0,23,12
2023-06-30,0,11,0,21,9
2023-07-03,2,5,0,14,7
2023-07-04,0,2,0,19,10
2023-07-05,7,0,0,17,10
2023-07-06,10,1,0,22,7
2023-07-07,5,1,0,19,2
2023-07-10,0,2,0,21,4
2023-07-11,4,1,0,20,9
2023-07-12,2,3,0,20,6
2023-07-13,4,1,0,24,8
2023-07-14,0,0,0,20,3
2023-07-17,0,3,0,22,3
2023-07-18,5,0,0,11,8
2023-07-19,7,6,0,14,6
2023-07-20,2,9,0,15,2
2023-07-21,2,10,0,15,6
2023-07-24,0,3,0,22,10
2023-07-25,0,2,0,16,4
2023-07-26,0,2,0,23,3
2023-07-27,0,2,0,23,7
2023-07-28,1,11,0,21,5
2023-07-31,0,0,1,18,3
2023-08-01,2,11,0,22,10
2023-08-02,2,10,0,21,7
2023-08-03,0,2,0,15,3
2023-08-04,6,7,0,16,2
2023-08-07,6,0,0,19,3
2023-08-08,2,5,0,22,2
2023-08-09,2,3,0,21,4
2023-08-10,1,0,0,18,5
2023-08-11,16,5,0,22,5
2023-08-14,11,9,0,16,2
2023-08-15,1,6,0,27,1
2023-08-16,4,11,0,26,5
2023-08-17,1,15,0,23,5
2023-08-18,2,1,0,20,4
2023-08-21,3,5,0,20,5
2023-08-22,3,0,0,20,1
2023-08-23,3,4,0,22,8
2023-08-24,1,3,0,26,8
2023-08-25,0,11,0,29,0
2023-08-28,0,0,0,20,14
2023-08-29,0,0,0,21,12
2023-08-30,2,4,0,20,4
2023-08-31,0,0,0,20,9
2023-09-01,0,6,0,20,13
2023-09-04,0,7,0,22,7
2023-09-05,3,9,0,19,4
2023-09-06,0,10,0,19,1
2023-09-07,0,12,0,24,7
2023-09-08,1,11,0,18,4
2023-09-11,0,7,0,20,8
2023-09-12,2,9,0,22,1
2023-09-13,0,6,0,14,3
2023-09-14,0,0,0,22,6
2023-09-15,0,13,0,21,5
2023-09-18,9,2,0,21,4
2023-09-19,6,1,0,19,4
2023-09-20,12,5,0,21,4
2023-09-21,5,9,0,28,10
2023-09-22,6,4,0,30,8
2023-09-25,6,2,0,19,6
2023-09-26,1,12,0,17,1
2023-09-27,0,10,0,24,4
2023-09-28,0,3,0,17,4
2023-09-29,0,0,0,17,1
2023-10-02,2,0,0,6,10
2023-10-03,0,7,0,20,11
2023-10-04,1,19,0,27,15
2023-10-05,2,6,0,23,6
2023-10-06,0,9,0,19,4
2023-10-09,21,3,3,12,4
2023-10-10,37,5,8,9,3
2023-10-11,29,3,3,8,5
2023-10-12,40,3,15,4,5
2023-10-13,28,8,9,7,9
2023-10-16,46,23,26,3,13
2023-10-17,26,11,7,2,14
2023-10-18,14,8,5,4,20
2023-10-19,26,16,17,7,4
2023-10-20,16,9,10,8,5
2023-10-23,21,4,16,17,5
2023-10-24,25,4,26,7,5
2023-10-25,12,14,25,10,1
2023-10-26,16,19,16,4,7
2023-10-27,26,4,7,4,3
2023-10-30,24,7,13,7,9
2023-10-31,6,4,40,12,6
2023-11-01,17,13,22,5,17
2023-11-02,17,2,8,6,7
2023-11-03,10,1,15,10,8
2023-11-06,16,2,39,23,10
2023-11-07,10,8,21,16,6
2023-11-08,7,11,20,8,8
2023-11-09,18,5,16,7,5
2023-11-10,8,15,17,3,1
2023-11-13,15,9,7,5,13
2023-11-14,11,11,25,9,12
2023-11-15,7,1,12,5,5
2023-11-16,15,5,18,11,10
2023-11-17,9,5,19,6,11
2023-11-20,4,5,14,23,13
2023-11-21,1,5,25,21,19
2023-11-22,13,11,51,5,4
2023-11-23,15,5,50,11,3
2023-11-24,6,7,30,21,4
2023-11-27,3,2,40,5,4
2023-11-28,0,4,40,13,9
2023-11-29,2,4,44,17,10
2023-11-30,12,9,43,13,10
2023-12-01,2,24,42,3,26
2023-12-04,10,5,16,14,12
2023-12-05,10,12,7,13,13
2023-12-06,4,12,1,13,4
2023-12-07,1,31,6,12,10
2023-12-08,6,8,7,11,4
2023-12-11,5,8,20,16,8
2023-12-12,10,3,9,20,10
2023-12-13,3,4,14,9,9
2023-12-14,1,3,6,23,8
2023-12-15,5,5,11,5,6
2023-12-18,8,10,22,22,7
2023-12-19,4,14,5,19,22
2023-12-20,6,2,41,12,6
2023-12-21,6,11,32,22,14
2023-12-22,0,1,21,9,2
2023-12-25,5,0,8,10,1
2023-12-26,23,2,7,13,3
2023-12-27,22,5,6,26,3
2023-12-28,14,1,10,22,6
2023-12-29,13,1,14,9,6
2024-01-01,7,0,0,23,19
2024-01-02,10,10,0,18,17
2024-01-03,14,18,3,17,14
2024-01-04,41,8,1,18,9
2024-01-05,29,10,0,11,4
2024-01-08,14,9,15,26,9
2024-01-09,3,1,8,23,14
2024-01-10,7,14,5,9,5
2024-01-11,19,5,5,11,18
2024-01-12,45,2,0,10,8
2024-01-15,7,9,3,25,6
2024-01-16,27,22,0,29,15
2024-01-17,19,24,5,25,11
2024-01-18,33,14,2,26,5
2024-01-19,29,1,20,17,3
2024-01-22,27,3,2,23,12
2024-01-23,15,6,23,26,6
2024-01-24,12,10,35,22,10
2024-01-25,11,3,17,29,15
2024-01-26,4,9,2,23,11
2024-01-29,30,6,16,25,7
2024-01-30,31,0,26,23,9
2024-01-31,20,5,21,21,8
2024-02-01,21,2,14,25,31
2024-02-02,16,0,21,14,24
2024-02-05,18,23,13,23,7
2024-02-06,22,12,17,21,2
2024-02-07,16,4,40,20,9
2024-02-08,5,2,44,21,1
2024-02-09,4,0,5,7,3
2024-02-12,3,3,0,35,6
2024-02-13,14,2,25,41,10
2024-02-14,1,27,27,33,8
2024-02-15,13,4,26,31,8
2024-02-16,2,5,9,12,11
2024-02-19,2,3,15,16,5
2024-02-20,4,7,24,20,11
2024-02-21,1,3,40,15,8
2024-02-22,2,4,20,21,6
2024-02-23,0,8,44,9,2
2024-02-26,1,2,35,24,4
2024-02-27,2,2,37,22,2
2024-02-28,5,8,34,17,23
2024-02-29,2,12,6,17,4
2024-03-01,0,0,22,20,13
2024-03-04,0,3,36,24,5
2024-03-05,5,10,17,25,7
2024-03-06,0,12,40,25,16
2024-03-07,2,1,8,25,17
2024-03-08,0,5,19,28,20
2024-03-11,0,4,31,24,10
2024-03-12,7,7,14,26,3
2024-03-13,7,4,11,20,8
2024-03-14,13,10,0,25,17
2024-03-15,0,23,12,17,7
2024-03-18,1,13,10,41,4
2024-03-19,0,7,25,28,7
2024-03-20,2,2,19,27,11
2024-03-21,2,2,26,17,25
2024-03-22,0,17,51,15,18
2024-03-25,3,14,23,14,10
2024-03-26,4,6,43,19,9
2024-03-27,2,11,20,14,20
2024-03-28,0,4,12,15,19
2024-03-29,2,6,3,8,11
2024-04-01,4,8,5,9,29
2024-04-02,34,7,7,21,22
2024-04-03,26,7,9,23,11
2024-04-04,18,7,7,14,7
2024-04-05,21,10,13,6,12
2024-04-08,25,6,39,19,9
2024-04-09,14,4,33,28,31
2024-04-10,18,0,22,4,5
2024-04-11,32,17,23,16,23
2024-04-12,29,15,2,8,11
2024-04-15,54,17,9,14,20
2024-04-16,37,21,1,26,12
2024-04-17,30,14,7,18,7
2024-04-18,28,18,13,20,3
2024-04-19,40,15,6,5,5
2024-04-22,32,11,0,11,13
2024-04-23,31,2,9,14,16
2024-04-24,21,3,0,17,3
2024-04-25,10,11,7,23,9
2024-04-26,8,1,4,9,7
2024-04-29,10,9,54,28,9
2024-04-30,8,7,58,15,10
2024-05-01,9,5,46,18,22
2024-05-02,10,0,36,19,12
2024-05-03,20,5,29,14,6
2024-05-06,0,3,36,18,1
2024-05-07,0,10,45,6,7
2024-05-08,1,9,35,16,15
2024-05-09,2,8,15,23,21
2024-05-10,1,1,25,20,7
2024-05-13,2,8,2,15,12
2024-05-14,4,8,5,24,7
2024-05-15,0,12,2,27,10
2024-05-16,0,0,5,19,6
2024-05-17,1,15,7,19,6
2024-05-20,35,5,4,12,4
2024-05-21,29,22,0,22,22
2024-05-22,12,5,5,18,8
2024-05-23,8,12,8,24,9
2024-05-24,8,20,10,14,17
2024-05-27,9,1,13,20,5
2024-05-28,8,4,10,10,5
2024-05-29,1,10,12,15,7
2024-05-30,3,18,11,23,7
2024-05-31,7,12,1,22,5
2024-06-03,4,4,29,17,21
2024-06-04,9,1,32,23,6
2024-06-05,5,2,23,18,3
2024-06-06,1,2,16,9,7
2024-06-07,2,1,23,24,0
2024-06-10,7,19,21,27,6
2024-06-11,0,8,50,13,8
2024-06-12,0,0,48,13,25
2024-06-13,2,1,26,11,12
2024-06-14,3,7,11,29,4
2024-06-17,0,10,5,23,9
2024-06-18,8,4,6,22,8
2024-06-19,3,0,0,33,20
2024-06-20,5,7,0,15,13
2024-06-21,0,17,0,21,7
2024-06-24,6,17,2,19,17
2024-06-25,2,2,6,18,10
2024-06-26,9,16,6,26,13
2024-06-27,7,7,0,24,9
2024-06-28,9,3,1,31,11
2024-07-01,8,11,0,22,29
2024-07-02,11,15,6,29,11
2024-07-03,7,9,9,29,6
2024-07-04,0,3,21,24,6
2024-07-05,4,0,25,28,10
2024-07-08,8,3,33,20,9
2024-07-09,9,5,22,23,4
2024-07-10,8,12,15,21,4
2024-07-11,4,5,28,27,13
2024-07-12,3,1,0,22,3
2024-07-15,0,17,9,29,18
2024-07-16,0,24,9,34,23
2024-07-17,1,4,9,44,7
2024-07-18,8,9,6,31,8
2024-07-19,2,8,10,30,5
2024-07-22,2,10,11,25,9
2024-07-23,1,2,7,32,7
2024-07-24,2,11,16,24,16
2024-07-25,2,13,17,25,3
2024-07-26,7,3,26,23,0
2024-07-29,2,3,10,31,2
2024-07-30,6,15,10,29,2
2024-07-31,26,3,22,27,8
2024-08-01,28,2,19,28,23
2024-08-02,30,2,7,21,12
2024-08-05,38,6,2,25,14
2024-08-06,33,4,6,22,5
2024-08-07,19,6,21,22,15
2024-08-08,25,12,17,22,9
2024-08-09,23,1,35,30,3
2024-08-12,20,5,35,27,15
2024-08-13,29,9,21,25,4
2024-08-14,20,6,54,29,6
2024-08-15,10,0,47,36,14
2024-08-16,6,10,46,31,10
2024-08-19,8,3,53,31,2
2024-08-20,3,9,43,29,3
2024-08-21,10,2,38,24,8
2024-08-22,2,1,28,24,6
2024-08-23,0,7,25,23,4
2024-08-26,11,4,35,26,7
2024-08-27,21,6,19,30,7
2024-08-28,14,0,11,24,3
2024-08-29,8,0,14,20,1
2024-08-30,0,9,7,24,1
2024-09-02,4,14,31,20,11
2024-09-03,0,7,30,21,6
2024-09-04,1,5,23,25,6
2024-09-05,3,0,29,26,9
2024-09-06,0,0,31,32,30
2024-09-09,4,12,17,25,5
2024-09-10,13,6,7,29,2
2024-09-11,11,7,3,36,20
2024-09-12,3,7,15,39,7
2024-09-13,6,0,0,29,17
2024-09-16,2,3,0,28,0
2024-09-17,10,0,6,28,0
2024-09-18,8,0,21,23,0
2024-09-19,6,5,3,22,3
2024-09-20,5,2,21,25,7
2024-09-23,8,13,3,23,8
2024-09-24,28,1,2,19,5
2024-09-25,10,0,3,24,5
2024-09-26,12,4,44,27,14
2024-09-27,8,0,50,21,11
2024-09-30,23,8,7,28,7
2024-10-01,23,4,14,16,25
2024-10-02,44,23,5,22,15
2024-10-03,34,3,6,20,4
2024-10-04,35,8,2,21,0
2024-10-07,32,23,36,28,5
2024-10-08,33,10,26,22,14
2024-10-09,13,2,48,23,3
2024-10-10,24,3,29,33,3
2024-10-11,26,2,2,17,5
2024-10-14,20,6,9,28,26
2024-10-15,20,12,10,27,1
2024-10-16,14,4,23,26,5
2024-10-17,20,8,16,30,7
2024-10-18,12,17,20,23,6
2024-10-21,12,10,20,25,9
2024-10-22,16,10,28,26,17
2024-10-23,18,21,11,32,8
2024-10-24,10,8,19,26,7
2024-10-25,26,5,45,22,6
2024-10-28,27,5,43,26,7
2024-10-29,20,9,17,27,12
2024-10-30,11,1,17,37,5
2024-10-31,5,4,43,33,7
2024-11-01,15,5,10,28,35
2024-11-04,23,4,13,22,5
2024-11-05,3,17,0,21,1
2024-11-06,7,28,0,43,4
2024-11-07,4,12,1,40,11
2024-11-08,6,6,0,36,1
2024-11-11,7,19,10,39,9
2024-11-12,13,11,7,34,6
2024-11-13,13,21,4,33,11
2024-11-14,10,7,27,40,21
2024-11-15,9,12,8,29,7
2024-11-18,7,8,20,27,5
2024-11-19,7,5,33,27,2
2024-11-20,7,9,8,31,8
2024-11-21,1,8,39,32,8
2024-11-22,1,4,0,26,10
2024-11-25,4,7,36,27,15
2024-11-26,3,11,50,43,17
2024-11-27,11,4,58,46,11
2024-11-28,1,3,56,42,12
2024-11-29,10,0,25,40,11
2024-12-02,14,20,10,36,33
2024-12-03,9,28,34,31,42
2024-12-04,4,32,12,28,25
2024-12-05,5,12,20,34,11
2024-12-06,2,16,18,29,22
2024-12-09,9,29,6,36,6
2024-12-10,7,14,7,25,7
2024-12-11,5,16,0,22,15
2024-12-12,8,13,10,30,5
2024-12-13,12,11,31,26,8
2024-12-16,3,8,8,26,29
2024-12-17,4,17,12,28,19
2024-12-18,2,10,30,25,2
2024-12-19,4,29,12,33,2
2024-12-20,0,23,6,33,1
2024-12-23,3,18,3,24,15
2024-12-24,3,29,14,25,3
2024-12-25,2,12,8,30,7
2024-12-26,0,17,22,25,7
2024-12-27,0,26,3,24,2
2024-12-30,0,20,4,27,13
2024-12-31,0,27,6,29,2
2025-01-01,0,14,2,37,22
2025-01-02,4,14,6,26,14
2025-01-03,3,11,4,26,3
2025-01-06,2,18,29,28,10
2025-01-07,8,12,16,31,9
2025-01-08,2,8,12,30,14
2025-01-09,2,16,22,36,20
2025-01-10,3,16,10,38,15
2025-01-13,3,17,35,40,17
2025-01-14,3,7,54,32,32
2025-01-15,7,15,43,32,6
2025-01-16,5,14,54,35,15
2025-01-17,5,15,52,35,5
2025-01-20,2,9,40,44,3
2025-01-21,0,8,18,60,8
2025-01-22,1,6,16,56,6
2025-01-23,4,9,28,45,3
2025-01-24,3,4,6,44,4
2025-01-27,6,7,17,47,1
2025-01-28,0,3,8,50,7
2025-01-29,0,3,4,37,4
2025-01-30,0,9,0,41,6
2025-01-31,2,36,8,50,14
2025-02-03,6,19,26,46,11
2025-02-04,5,14,5,49,11
2025-02-05,19,11,8,51,12
2025-02-06,6,10,6,51,4
2025-02-07,8,7,20,42,3
2025-02-10,2,26,6,48,9
2025-02-11,0,7,34,46,17
2025-02-12,2,2,29,47,15
2025-02-13,11,12,16,49,11
2025-02-14,11,9,5,49,5
2025-02-17,15,10,21,46,9
2025-02-18,7,7,13,45,6
2025-02-19,7,7,6,45,14
2025-02-20,0,12,10,48,3
2025-02-21,0,10,10,46,5
2025-02-24,0,6,21,39,6
2025-02-25,2,10,2,39,12
2025-02-26,0,7,30,44,12
2025-02-27,5,29,22,49,7
2025-02-28,0,22,32,52,10
2025-03-03,0,6,25,39,13
2025-03-04,4,10,23,53,11
2025-03-05,0,6,13,51,6
2025-03-06,0,3,9,52,10
2025-03-07,3,11,10,45,2
2025-03-10,7,12,18,43,2
2025-03-11,0,4,8,52,5
2025-03-12,2,4,32,51,11
2025-03-13,4,4,21,47,3
2025-03-14,4,10,36,41,3
2025-03-17,16,1,12,31,9
2025-03-18,11,10,43,40,2
2025-03-19,3,5,47,36,12
2025-03-20,5,5,22,30,8
2025-03-21,3,15,13,32,10
2025-03-24,0,13,31,35,3
2025-03-25,1,12,10,38,8
2025-03-26,2,1,4,40,2
2025-03-27,2,6,0,47,5
2025-03-28,6,5,21,44,3
2025-03-31,6,17,10,48,4
2025-04-01,5,9,2,52,26
2025-04-02,2,11,10,48,6
2025-04-03,4,4,6,50,7
2025-04-04,4,3,0,46,4
2025-04-07,8,27,0,47,1
2025-04-08,20,11,9,52,4
2025-04-09,9,17,2,51,6
2025-04-10,7,8,0,52,16
2025-04-11,1,3,12,55,3
2025-04-14,9,2,12,46,21
2025-04-15,8,3,20,51,5
2025-04-16,8,9,5,49,16
2025-04-17,14,7,2,49,22
2025-04-18,7,3,20,51,6
2025-04-21,7,5,3,45,11
2025-04-22,0,6,11,40,10
2025-04-23,6,8,6,46,10
2025-04-24,4,15,5,51,10
2025-04-25,2,6,4,47,4
2025-04-28,30,9,2,49,4
2025-04-29,8,13,16,47,9
2025-04-30,1,2,6,48,16
2025-05-01,0,0,0,39,16
2025-05-02,5,8,0,37,6
2025-05-05,11,10,2,38,2
2025-05-06,6,8,5,49,6
2025-05-07,4,8,5,48,8
2025-05-08,2,7,0,38,30
2025-05-09,1,18,0,31,15
2025-05-12,7,12,10,43,12
2025-05-13,2,28,25,42,8
2025-05-14,9,8,34,50,15
2025-05-15,5,9,18,44,14
2025-05-16,3,3,10,34,9
2025-05-19,2,4,11,34,4
2025-05-20,0,6,5,36,6
2025-05-21,15,7,6,39,21
2025-05-22,14,7,4,28,15
2025-05-23,6,8,8,34,7
2025-05-26,7,1,5,41,7
2025-05-27,5,4,16,38,10
2025-05-28,6,16,1,35,13
2025-05-29,9,7,19,45,21
2025-05-30,9,6,36,43,11
2025-06-02,1,1,12,40,18
2025-06-03,6,3,0,37,7
2025-06-04,6,7,10,44,5
2025-06-05,5,0,18,40,1
2025-06-06,7,0,19,30,2
2025-06-09,4,5,0,32,9
2025-06-10,13,6,0,29,22
2025-06-11,17,13,0,36,20
2025-06-12,37,2,0,38,18
2025-06-13,49,14,4,35,12
2025-06-16,54,2,9,31,5
2025-06-17,50,0,40,40,8
2025-06-18,46,25,2,39,11
2025-06-19,49,21,21,34,6
2025-06-20,37,3,5,30,3
2025-06-23,57,30,6,26,6
2025-06-24,55,0,47,26,12
2025-06-25,41,7,49,29,4
2025-06-26,36,5,29,27,5
2025-06-27,30,4,21,36,11
2025-06-30,23,7,30,32,10
2025-07-01,18,1,14,34,35
2025-07-02,29,2,36,39,19
2025-07-03,14,2,22,44,14
2025-07-04,21,9,28,38,8
2025-07-07,18,11,28,32,11
2025-07-08,22,16,32,50,6
2025-07-09,10,5,30,52,10
2025-07-10,8,4,24,35,21
2025-07-11,20,7,16,43,9
2025-07-14,12,8,15,32,19
2025-07-15,8,8,5,35,16
2025-07-16,13,7,13,33,9
2025-07-17,7,6,8,29,10
2025-07-18,10,9,13,26,7
2025-07-21,14,6,13,34,12
2025-07-22,10,9,6,30,15
2025-07-23,6,5,7,31,7
2025-07-24,10,0,22,42,10
2025-07-25,11,6,36,30,6
2025-07-28,2,9,13,33,14
2025-07-29,12,20,11,44,13
2025-07-30,4,1,14,35,13
2025-07-31,7,13,11,51,14
2025-08-01,5,24,9,44,24
2025-08-04,5,4,17,44,10
2025-08-05,4,7,4,43,14
2025-08-06,3,3,10,49,8
2025-08-07,6,0,12,55,20
2025-08-08,1,3,2,48,4
2025-08-11,4,8,0,44,14
2025-08-12,2,8,3,51,5
2025-08-13,7,1,5,42,19
2025-08-14,10,3,8,38,8
2025-08-15,3,0,8,31,2
2025-08-18,4,2,12,36,12
2025-08-19,3,4,31,39,7
2025-08-20,2,14,13,30,6
2025-08-21,6,1,3,38,10
2025-08-22,4,3,14,41,4
2025-08-25,7,5,0,41,4
2025-08-26,3,12,0,51,16
2025-08-27,14,2,3,54,11
2025-08-28,5,2,4,48,7
2025-08-29,6,4,1,37,9
2025-09-01,9,6,3,43,19
2025-09-02,9,0,6,43,12
2025-09-03,14,10,6,34,11
2025-09-04,8,1,18,45,20
2025-09-05,2,4,2,45,10
2025-09-08,6,0,8,33,8
2025-09-09,0,5,8,41,6
2025-09-10,1,3,27,48,18
2025-09-11,0,6,9,45,9
2025-09-12,3,0,0,53,7
2025-09-15,4,5,0,42,13
2025-09-16,1,5,1,45,8
2025-09-17,5,5,0,39,10
2025-09-18,0,13,4,34,8
2025-09-19,2,13,21,42,5
2025-09-22,1,8,0,43,13
2025-09-23,4,3,8,34,13
2025-09-24,8,4,0,40,13
2025-09-25,9,9,0,50,16
2025-09-26,11,25,0,50,5
2025-09-29,8,12,19,41,6
2025-09-30,4,4,1,47,12
2025-10-01,0,7,6,39,24
2025-10-02,4,4,2,39,24
2025-10-03,0,2,0,33,6
2025-10-06,2,0,11,26,1
2025-10-07,1,0,23,29,0
2025-10-08,0,3,13,29,4
2025-10-09,1,1,50,30,7
2025-10-10,0,19,48,28,11
2025-10-13,4,22,35,44,9
2025-10-14,3,10,34,36,20
2025-10-15,0,4,22,35,10
2025-10-16,1,4,17,31,5
2025-10-17,2,10,12,30,9
2025-10-20,2,1,52,35,9
2025-10-21,5,9,47,37,10
2025-10-22,5,5,45,31,11
2025-10-23,1,11,7,32,24
2025-10-24,4,10,10,35,3
2025-10-27,0,2,8,37,8
2025-10-28,6,7,2,37,19
2025-10-29,0,12,44,44,10
2025-10-30,4,7,20,47,8
2025-10-31,2,9,6,41,7
2025-11-03,4,10,0,44,18
2025-11-04,2,10,11,37,7
2025-11-05,2,16,2,48,12
2025-11-06,2,6,15,36,20
2025-11-07,1,14,16,41,12
2025-11-10,16,16,7,35,18
2025-11-11,4,16,4,37,15
2025-11-12,5,14,11,32,6
2025-11-13,9,17,1,23,12
2025-11-14,11,13,0,38,13
2025-11-17,8,15,4,37,15
2025-11-18,0,18,4,27,15
2025-11-19,3,8,3,27,15
2025-11-20,3,14,12,29,8
2025-11-21,6,20,7,45,14
2025-11-24,1,11,7,26,21
2025-11-25,3,14,8,36,28
2025-11-26,7,15,1,26,17
2025-11-27,10,14,2,37,27
2025-11-28,6,12,6,29,1
2025-12-01,0,12,1,21,25
2025-12-02,3,15,2,28,14
2025-12-03,6,2,4,32,11
2025-12-04,7,13,2,34,26
2025-12-05,0,6,6,30,14
2025-12-08,0,5,26,35,21
2025-12-09,0,13,12,36,8
2025-12-10,4,9,12,45,15
2025-12-11,2,12,1,29,18
2025-12-12,0,10,0,35,9
2025-12-15,5,6,4,37,10
2025-12-16,2,14,6,43,17
2025-12-17,6,14,0,34,33
2025-12-18,8,11,2,33,14
2025-12-19,6,9,2,31,10
2025-12-22,6,18,2,38,19
2025-12-23,7,11,0,31,20
2025-12-24,1,6,5,35,7
2025-12-25,12,11,16,28,2
2025-12-26,11,8,0,32,11
2025-12-29,8,6,8,30,10
2025-12-30,19,10,18,33,10
2025-12-31,20,5,8,31,4
2026-01-01,11,6,0,31,26
2026-01-02,16,9,2,35,9
2026-01-05,16,13,0,36,16
2026-01-06,21,9,0,25,10
2026-01-07,19,16,2,44,13
2026-01-08,6,15,0,45,13
2026-01-09,17,13,4,29,18
2026-01-12,37,27,0,34,18
2026-01-13,33,23,4,30,14
2026-01-14,41,20,0,41,12
2026-01-15,49,14,3,46,20
2026-01-16,34,12,6,36,14
2026-01-19,26,15,4,37,8
2026-01-20,21,13,0,38,8
2026-01-21,19,7,0,43,21
2026-01-22,15,4,3,42,19
2026-01-23,9,4,0,32,12
2026-01-26,7,15,0,29,11
2026-01-27,26,8,4,56,9
2026-01-28,46,7,6,55,11
2026-01-29,39,6,0,41,10
2026-01-30,57,12,0,47,10
2026-02-02,50,36,2,39,17
2026-02-03,43,15,2,41,16
2026-02-04,50,11,4,37,20
2026-02-05,34,26,0,28,14
2026-02-06,33,9,2,33,14
2026-02-09,41,6,0,35,23
2026-02-10,35,6,0,39,15
2026-02-11,42,0,2,32,31
2026-02-12,31,12,5,44,14
2026-02-13,21,14,0,34,17
2026-02-16,34,1,6,18,2
2026-02-17,37,9,0,29,8
2026-02-18,30,8,4,35,2
2026-02-19,54,24,0,30,18
2026-02-20,54,17,1,35,11
2026-02-23,45,1,0,41,21
2026-02-24,51,10,6,50,14
2026-02-25,46,1,0,44,22
2026-02-26,48,6,0,40,22
2026-02-27,35,9,0,34,19
2026-03-02,57,12,3,26,11
2026-03-03,60,42,9,35,20
2026-03-04,60,31,1,39,8
2026-03-05,60,8,10,43,4
2026-03-06,60,22,19,36,20
2026-03-09,60,32,11,23,15
2026-03-10,60,9,40,41,19
2026-03-11,60,8,23,33,25
2026-03-12,60,21,22,34,28
2026-03-13,60,23,11,40,14
2026-03-16,60,8,20,22,12
2026-03-17,60,13,14,44,19
2026-03-18,60,13,15,40,13
2026-03-19,60,25,2,31,12
2026-03-20,60,8,5,31,8
2026-03-23,60,10,12,33,22
2026-03-24,60,5,8,38,25
2026-03-25,60,11,36,31,15
2026-03-26,60,14,42,33,10
2026-03-27,60,13,15,40,7
2026-03-30,60,14,26,33,16
2026-03-31,60,17,18,41,13
2026-04-01,58,12,13,49,25
2026-04-02,59,29,34,56,15
2026-04-03,60,14,12,54,7
2026-04-06,60,6,53,34,10
2026-04-07,60,9,40,30,7
2026-04-08,60,4,49,32,14
2026-04-09,60,10,44,29,10
2026-04-10,56,5,41,27,18
2026-04-13,58,25,33,31,17
2026-04-14,50,5,21,32,21
2026-04-15,54,13,24,35,13
2026-04-16,55,7,48,27,16
2026-04-17,57,15,42,36,13
2026-04-20,55,6,38,32,11
2026-04-21,53,4,38,39,15
2026-04-22,54,19,43,28,9
2026-04-23,56,16,32,29,18
2026-04-24,60,10,39,28,12
2026-04-27,51,2,33,27,5
2026-04-28,56,9,5,34,8
2026-04-29,55,7,3,39,18
2026-04-30,56,18,14,32,12
2026-05-01,55,5,8,26,16
2026-05-04,54,4,22,27,10
2026-05-05,58,3,34,31,8
2026-05-06,55,2,26,33,21
2026-05-07,56,5,30,30,10
2026-05-08,59,9,33,37,15
2026-05-11,58,9,7,30,18
2026-05-12,54,22,24,44,18
2026-05-13,58,9,29,33,23
2026-05-14,56,16,7,25,15
2026-05-15,55,8,8,35,26
2026-05-18,58,11,9,33,16
2026-05-19,53,8,5,30,7
2026-05-20,57,11,7,29,14
2026-05-21,54,4,5,33,21
2026-05-22,55,14,14,23,21
2026-05-25,45,10,9,23,17
2026-05-26,53,7,15,29,27
2026-05-27,51,1,25,26,18
2026-05-28,54,13,11,31,22
2026-05-29,55,13,37,22,9
2026-06-01,52,7,26,21,26
2026-06-02,60,9,25,35,10
2026-06-03,37,9,10,32,17
2026-06-04,38,17,39,31,28
2026-06-05,52,15,35,27,9
2026-06-08,57,22,32,36,13
2026-06-09,54,15,13,38,15
